sku,name,category,old_subtype,new_subtype,action
MENU_KNOWLEDGE_15500,Menu Knowledge 15500,armour,other,other,UNCHANGED
MENU_KNOWLEDGE_15501,Menu Knowledge 15501,armour,other,other,UNCHANGED
MENU_KNOWLEDGE_15502,Menu Knowledge 15502,armour,other,other,UNCHANGED
MENU_KNOWLEDGE_15503,Menu Knowledge 15503,armour,other,other,UNCHANGED
MENU_KNOWLEDGE_15504,Menu Knowledge 15504,armour,other,other,UNCHANGED
MENU_KNOWLEDGE_15506,Menu Knowledge 15506,armour,other,other,UNCHANGED
MENU_KNOWLEDGE_15507,Menu Knowledge 15507,armour,other,other,UNCHANGED
MENU_KNOWLEDGE_15508,Menu Knowledge 15508,armour,other,other,UNCHANGED
MENU_KNOWLEDGE_15509,Menu Knowledge 15509,armour,other,other,UNCHANGED
MENU_KNOWLEDGE_15510,Menu Knowledge 15510,armour,other,other,UNCHANGED
MENU_KNOWLEDGE_15511,Menu Knowledge 15511,armour,other,other,UNCHANGED
MENU_KNOWLEDGE_15512,Menu Knowledge 15512,armour,other,other,UNCHANGED
MENU_KNOWLEDGE_15514,Menu Knowledge 15514,armour,other,other,UNCHANGED
MENU_KNOWLEDGE_15516,Menu Knowledge 15516,armour,other,other,UNCHANGED
MENU_KNOWLEDGE_15518,Menu Knowledge 15518,armour,other,other,UNCHANGED
MENU_KNOWLEDGE_15520,Menu Knowledge 15520,armour,other,other,UNCHANGED
MENU_KNOWLEDGE_15521,Menu Knowledge 15521,armour,other,other,UNCHANGED
MENU_KNOWLEDGE_15522,Menu Knowledge 15522,armour,other,other,UNCHANGED
MENU_KNOWLEDGE_15523,Menu Knowledge 15523,armour,other,other,UNCHANGED
MENU_KNOWLEDGE_15524,Menu Knowledge 15524,armour,other,other,UNCHANGED
MENU_KNOWLEDGE_15525,Menu Knowledge 15525,armour,other,other,UNCHANGED
MENU_KNOWLEDGE_15526,Menu Knowledge 15526,armour,other,other,UNCHANGED
MENU_KNOWLEDGE_15527,Menu Knowledge 15527,armour,other,other,UNCHANGED
MENU_KNOWLEDGE_15528,Menu Knowledge 15528,armour,other,other,UNCHANGED
MENU_KNOWLEDGE_15529,Menu Knowledge 15529,armour,other,other,UNCHANGED
MENU_KNOWLEDGE_15533,Menu Knowledge 15533,armour,other,other,UNCHANGED
MENU_KNOWLEDGE_15537,Menu Knowledge 15537,armour,other,other,UNCHANGED
MENU_KNOWLEDGE_15538,Menu Knowledge 15538,armour,other,other,UNCHANGED
MENU_KNOWLEDGE_15539,Menu Knowledge 15539,armour,other,other,UNCHANGED
MENU_KNOWLEDGE_15540,Menu Knowledge 15540,armour,other,other,UNCHANGED
MENU_KNOWLEDGE_15541,Menu Knowledge 15541,armour,other,other,UNCHANGED
MENU_KNOWLEDGE_15542,Menu Knowledge 15542,armour,other,other,UNCHANGED
MENU_KNOWLEDGE_15543,Menu Knowledge 15543,armour,other,other,UNCHANGED
MENU_KNOWLEDGE_15544,Menu Knowledge 15544,armour,other,other,UNCHANGED
MENU_KNOWLEDGE_15545,Menu Knowledge 15545,armour,other,other,UNCHANGED
MENU_KNOWLEDGE_15546,Menu Knowledge 15546,armour,other,other,UNCHANGED
MENU_KNOWLEDGE_15547,Menu Knowledge 15547,armour,other,other,UNCHANGED
MENU_KNOWLEDGE_15548,Menu Knowledge 15548,armour,other,other,UNCHANGED
MENU_KNOWLEDGE_15549,Menu Knowledge 15549,armour,other,other,UNCHANGED
MENU_KNOWLEDGE_15550,Menu Knowledge 15550,armour,other,other,UNCHANGED
MENU_KNOWLEDGE_15551,Menu Knowledge 15551,armour,other,other,UNCHANGED
MENU_KNOWLEDGE_15552,Menu Knowledge 15552,armour,other,other,UNCHANGED
MENU_KNOWLEDGE_15553,Menu Knowledge 15553,armour,other,other,UNCHANGED
MENU_KNOWLEDGE_15554,Menu Knowledge 15554,armour,other,other,UNCHANGED
MENU_KNOWLEDGE_15555,Menu Knowledge 15555,armour,other,other,UNCHANGED
MENU_KNOWLEDGE_15556,Menu Knowledge 15556,armour,other,other,UNCHANGED
MENU_KNOWLEDGE_15557,Menu Knowledge 15557,armour,other,other,UNCHANGED
MENU_KNOWLEDGE_15558,Menu Knowledge 15558,armour,other,other,UNCHANGED
MENU_KNOWLEDGE_15559,Menu Knowledge 15559,armour,other,other,UNCHANGED
MENU_KNOWLEDGE_15560,Menu Knowledge 15560,armour,other,other,UNCHANGED
MENU_KNOWLEDGE_15561,Menu Knowledge 15561,armour,other,other,UNCHANGED
MENU_KNOWLEDGE_15562,Menu Knowledge 15562,armour,other,other,UNCHANGED
MENU_KNOWLEDGE_15563,Menu Knowledge 15563,armour,other,other,UNCHANGED
MENU_KNOWLEDGE_15564,Menu Knowledge 15564,armour,other,other,UNCHANGED
MENU_KNOWLEDGE_15565,Menu Knowledge 15565,armour,other,other,UNCHANGED
MENU_KNOWLEDGE_15566,Menu Knowledge 15566,armour,other,other,UNCHANGED
MENU_KNOWLEDGE_15567,Menu Knowledge 15567,armour,other,other,UNCHANGED
MENU_KNOWLEDGE_15568,Menu Knowledge 15568,armour,other,other,UNCHANGED
MENU_KNOWLEDGE_15569,Menu Knowledge 15569,armour,other,other,UNCHANGED
MENU_KNOWLEDGE_15570,Menu Knowledge 15570,armour,other,other,UNCHANGED
MENU_KNOWLEDGE_15571,Menu Knowledge 15571,armour,other,other,UNCHANGED
MENU_KNOWLEDGE_15572,Menu Knowledge 15572,armour,other,other,UNCHANGED
MENU_KNOWLEDGE_15573,Menu Knowledge 15573,armour,other,other,UNCHANGED
MENU_KNOWLEDGE_15574,Menu Knowledge 15574,armour,other,other,UNCHANGED
MENU_KNOWLEDGE_15575,Menu Knowledge 15575,armour,other,other,UNCHANGED
MENU_KNOWLEDGE_15576,Menu Knowledge 15576,armour,other,other,UNCHANGED
MENU_KNOWLEDGE_15577,Menu Knowledge 15577,armour,other,other,UNCHANGED
MENU_KNOWLEDGE_15578,Menu Knowledge 15578,armour,other,other,UNCHANGED
MENU_KNOWLEDGE_15579,Menu Knowledge 15579,armour,other,other,UNCHANGED
MENU_KNOWLEDGE_15580,Menu Knowledge 15580,armour,other,other,UNCHANGED
MENU_KNOWLEDGE_15581,Menu Knowledge 15581,armour,other,other,UNCHANGED
MENU_KNOWLEDGE_15582,Menu Knowledge 15582,armour,other,other,UNCHANGED
MENU_KNOWLEDGE_15583,Menu Knowledge 15583,armour,other,other,UNCHANGED
MENU_KNOWLEDGE_15584,Menu Knowledge 15584,armour,other,other,UNCHANGED
MENU_KNOWLEDGE_15585,Menu Knowledge 15585,armour,other,other,UNCHANGED
MENU_KNOWLEDGE_15586,Menu Knowledge 15586,armour,other,other,UNCHANGED
MENU_KNOWLEDGE_15587,Menu Knowledge 15587,armour,other,other,UNCHANGED
MENU_KNOWLEDGE_15588,Menu Knowledge 15588,armour,other,other,UNCHANGED
MENU_KNOWLEDGE_15593,Menu Knowledge 15593,armour,other,other,UNCHANGED
MENU_KNOWLEDGE_15594,Menu Knowledge 15594,armour,other,other,UNCHANGED
MENU_KNOWLEDGE_15595,Menu Knowledge 15595,armour,other,other,UNCHANGED
MENU_KNOWLEDGE_15596,Menu Knowledge 15596,armour,other,other,UNCHANGED
MENU_KNOWLEDGE_15597,Menu Knowledge 15597,armour,other,other,UNCHANGED
MENU_KNOWLEDGE_15598,Menu Knowledge 15598,armour,other,other,UNCHANGED
MENU_KNOWLEDGE_15599,Menu Knowledge 15599,armour,other,other,UNCHANGED
MENU_KNOWLEDGE_15600,Menu Knowledge 15600,armour,other,other,UNCHANGED
MENU_KNOWLEDGE_15601,Menu Knowledge 15601,armour,other,other,UNCHANGED
MENU_KNOWLEDGE_15602,Menu Knowledge 15602,armour,other,other,UNCHANGED
MENU_KNOWLEDGE_03006,Academy Glintstone Key,consumable,other,other,UNCHANGED
MENU_KNOWLEDGE_01015,Aeonian Butterfly,consumable,other,other,UNCHANGED
MENU_KNOWLEDGE_01029,Albinauric Bloodclot,consumable,other,other,UNCHANGED
MENU_KNOWLEDGE_03284,Alexander_s Innards,consumable,other,other,UNCHANGED
MENU_KNOWLEDGE_01001,Altus Bloom,consumable,other,other,UNCHANGED
MENU_KNOWLEDGE_03100,Amber Draught,consumable,other,other,UNCHANGED
MENU_KNOWLEDGE_03283,Amber Starlight,consumable,other,other,UNCHANGED
MENU_KNOWLEDGE_03124,Ancient Dragon Apostle_s Cookbook,consumable,other,other,UNCHANGED
MENU_KNOWLEDGE_00325,Ancient Dragon Prayerbook,consumable,other,other,UNCHANGED
MENU_KNOWLEDGE_03120,Armorer_s Cookbook,consumable,other,other,UNCHANGED
MENU_KNOWLEDGE_01042,Arteria Leaf,consumable,other,other,UNCHANGED
MENU_KNOWLEDGE_00319,Assassin_s Prayerbook,consumable,other,other,UNCHANGED
MENU_KNOWLEDGE_00509,Beast Blood,consumable,other,other,UNCHANGED
MENU_KNOWLEDGE_00637,Beast Eye,consumable,other,other,UNCHANGED
MENU_KNOWLEDGE_00507,Beast Liver,consumable,other,other,UNCHANGED
MENU_KNOWLEDGE_03145,Bernahl_s _ Rogier_s _ Iji_s Bell Bearing,consumable,other,other,UNCHANGED
MENU_KNOWLEDGE_03106,Black Knifeprint,consumable,other,other,UNCHANGED
MENU_KNOWLEDGE_03024,Black Whetblade,consumable,other,other,UNCHANGED
MENU_KNOWLEDGE_00539,Blood-Tainted Excrement,consumable,other,other,UNCHANGED
MENU_KNOWLEDGE_01028,Bloodrose,consumable,other,other,UNCHANGED
MENU_KNOWLEDGE_01023,Budding Cave Moss,consumable,other,other,UNCHANGED
MENU_KNOWLEDGE_00511,Budding Horn,consumable,other,other,UNCHANGED
MENU_KNOWLEDGE_03060,Carian Inverted Statue,consumable,other,other,UNCHANGED
MENU_KNOWLEDGE_01022,Cave Moss,consumable,other,other,UNCHANGED
MENU_KNOWLEDGE_00624,Celestial Dew,consumable,other,other,UNCHANGED
MENU_KNOWLEDGE_00404,Cerulean Crystal Tear,consumable,other,other,UNCHANGED
MENU_KNOWLEDGE_00405,Cerulean Crystal Tear,consumable,other,other,UNCHANGED
MENU_KNOWLEDGE_00425,Cerulean Hidden Tear,consumable,other,other,UNCHANGED
MENU_KNOWLEDGE_03105,Chrysalids_ Memento,consumable,other,other,UNCHANGED
MENU_KNOWLEDGE_00310,Conspectus Scroll _ Academy Scroll,consumable,other,other,UNCHANGED
MENU_KNOWLEDGE_03202,Copy of Great Rune of the Unborn,consumable,other,other,UNCHANGED
MENU_KNOWLEDGE_00519,Crab Eggs,consumable,other,other,UNCHANGED
MENU_KNOWLEDGE_00541,Cracked Crystal,consumable,other,other,UNCHANGED
MENU_KNOWLEDGE_00504,Cracked Pot,consumable,other,other,UNCHANGED
MENU_KNOWLEDGE_00259,Crafting Kit,consumable,other,other,UNCHANGED
MENU_KNOWLEDGE_00407,Crimson Bubbletear,consumable,other,other,UNCHANGED
MENU_KNOWLEDGE_00402,Crimson Crystal Tear,consumable,other,other,UNCHANGED
MENU_KNOWLEDGE_00403,Crimson Crystal Tear,consumable,other,other,UNCHANGED
MENU_KNOWLEDGE_00409,Crimsonburst Crystal Tear,consumable,other,other,UNCHANGED
MENU_KNOWLEDGE_00400,Crimsonspill Crystal Tear,consumable,other,other,UNCHANGED
MENU_KNOWLEDGE_00420,Crimsonwhorl Bubbletear,consumable,other,other,UNCHANGED
MENU_KNOWLEDGE_01000,Crystal Bud,consumable,other,other,UNCHANGED
MENU_KNOWLEDGE_01032,Crystal Cave Moss,consumable,other,other,UNCHANGED
MENU_KNOWLEDGE_03228,Cursemark of Death,consumable,other,other,UNCHANGED
MENU_KNOWLEDGE_03102,Dancer_s Castanets,consumable,other,other,UNCHANGED
MENU_KNOWLEDGE_03050,Dark Moon Ring,consumable,other,other,UNCHANGED
MENU_KNOWLEDGE_00557,Deathroot,consumable,other,other,UNCHANGED
MENU_KNOWLEDGE_03000,Dectus Medallion (Left),consumable,other,other,UNCHANGED
MENU_KNOWLEDGE_03001,Dectus Medallion (Right),consumable,other,other,UNCHANGED
MENU_KNOWLEDGE_01008,Dewkissed Herba,consumable,other,other,UNCHANGED
MENU_KNOWLEDGE_00422,Dexterity-Knot Crystal Tear,consumable,other,other,UNCHANGED
MENU_KNOWLEDGE_03279,Discarded Palace Key,consumable,other,other,UNCHANGED
MENU_KNOWLEDGE_00324,Dragon Cult Prayerbook,consumable,other,other,UNCHANGED
MENU_KNOWLEDGE_03230,Dragon Heart,consumable,other,other,UNCHANGED
MENU_KNOWLEDGE_03062,Drawing-Room Key,consumable,other,other,UNCHANGED
MENU_KNOWLEDGE_00526,Erdleaf Flower,consumable,other,other,UNCHANGED
MENU_KNOWLEDGE_01025,Eye of Yelough,consumable,other,other,UNCHANGED
MENU_KNOWLEDGE_01003,Faded Erdleaf Flower,consumable,other,other,UNCHANGED
MENU_KNOWLEDGE_00424,Faith-Knot Crystal Tear,consumable,other,other,UNCHANGED
MENU_KNOWLEDGE_03125,Fevor_s Cookbook,consumable,other,other,UNCHANGED
MENU_KNOWLEDGE_03054,Fingerprint Grape,consumable,other,other,UNCHANGED
MENU_KNOWLEDGE_03093,Fingerslayer Blade,consumable,other,other,UNCHANGED
MENU_KNOWLEDGE_01006,Fire Blossom,consumable,other,other,UNCHANGED
MENU_KNOWLEDGE_00315,Fire Monks_ Prayerbook,consumable,other,other,UNCHANGED
MENU_KNOWLEDGE_00428,Flame-Shrouding Cracked Tear,consumable,other,other,UNCHANGED
MENU_KNOWLEDGE_00512,Flight Pinion,consumable,other,other,UNCHANGED
MENU_KNOWLEDGE_01017,Formic Rock,consumable,other,other,UNCHANGED
MENU_KNOWLEDGE_00514,Four-Toed Fowl Foot,consumable,other,other,UNCHANGED
MENU_KNOWLEDGE_03126,Frenzied_s Cookbook,consumable,other,other,UNCHANGED
MENU_KNOWLEDGE_01031,Fulgurbloom,consumable,other,other,UNCHANGED
MENU_KNOWLEDGE_00316,Giant_s Prayerbook,consumable,other,other,UNCHANGED
MENU_KNOWLEDGE_00382,Glass Shard,consumable,other,other,UNCHANGED
MENU_KNOWLEDGE_03121,Glintstone Craftman_s Cookbook,consumable,other,other,UNCHANGED
MENU_KNOWLEDGE_01045,Glintstone Firefly,consumable,other,other,UNCHANGED
MENU_KNOWLEDGE_03023,Glintstone Whetblade,consumable,other,other,UNCHANGED
MENU_KNOWLEDGE_03078,Godrick_s Great Rune,consumable,other,other,UNCHANGED
MENU_KNOWLEDGE_03201,Godrick_s Great Rune,consumable,other,other,UNCHANGED
MENU_KNOWLEDGE_00317,Godskin Prayerbook,consumable,other,other,UNCHANGED
MENU_KNOWLEDGE_01019,Gold Firefly,consumable,other,other,UNCHANGED
MENU_KNOWLEDGE_00538,Gold-Tinged Excrement,consumable,other,other,UNCHANGED
MENU_KNOWLEDGE_01030,Golden Centipede,consumable,other,other,UNCHANGED
MENU_KNOWLEDGE_00322,Golden Order Principia,consumable,other,other,UNCHANGED
MENU_KNOWLEDGE_00532,Golden Rowa,consumable,other,other,UNCHANGED
MENU_KNOWLEDGE_03096,Golden Sewing Needle,consumable,other,other,UNCHANGED
MENU_KNOWLEDGE_01021,Golden Sunflower,consumable,other,other,UNCHANGED
MENU_KNOWLEDGE_03225,Golden Tailoring Tools,consumable,other,other,UNCHANGED
MENU_KNOWLEDGE_03143,Gowry_s _ Sellen_s _ Thops_s Bell Bearing,consumable,other,other,UNCHANGED
MENU_KNOWLEDGE_01033,Grave Violet,consumable,other,other,UNCHANGED
MENU_KNOWLEDGE_01027,Gravel Stone,consumable,other,other,UNCHANGED
MENU_KNOWLEDGE_00517,Great Dragonfly Head,consumable,other,other,UNCHANGED
MENU_KNOWLEDGE_00410,Greenburst Crystal Tear,consumable,other,other,UNCHANGED
MENU_KNOWLEDGE_00401,Greenspill Crystal Tear,consumable,other,other,UNCHANGED
MENU_KNOWLEDGE_03270,Haligtree Secret Medallion (Left),consumable,other,other,UNCHANGED
MENU_KNOWLEDGE_03271,Haligtree Secret Medallion (Right),consumable,other,other,UNCHANGED
MENU_KNOWLEDGE_01020,Hefty Beast Bone,consumable,other,other,UNCHANGED
MENU_KNOWLEDGE_00533,Herba,consumable,other,other,UNCHANGED
MENU_KNOWLEDGE_00431,Holy-Shrouding Cracked Tear,consumable,other,other,UNCHANGED
MENU_KNOWLEDGE_00516,Human Bone Shard,consumable,other,other,UNCHANGED
MENU_KNOWLEDGE_03198,Imbued Sword Key,consumable,other,other,UNCHANGED
MENU_KNOWLEDGE_00423,Intelligence-Knot Crystal Tear,consumable,other,other,UNCHANGED
MENU_KNOWLEDGE_03059,Irina_s Letter,consumable,other,other,UNCHANGED
MENU_KNOWLEDGE_03020,Iron Whetblade,consumable,other,other,UNCHANGED
MENU_KNOWLEDGE_00520,Land Octopus Ovary,consumable,other,other,UNCHANGED
MENU_KNOWLEDGE_03075,Larval Tear,consumable,other,other,UNCHANGED
MENU_KNOWLEDGE_00418,Leaden Hardtear,consumable,other,other,UNCHANGED
MENU_KNOWLEDGE_00430,Lightning-Shrouding Cracked Tear,consumable,other,other,UNCHANGED
MENU_KNOWLEDGE_01026,Living Jar Shard,consumable,other,other,UNCHANGED
MENU_KNOWLEDGE_03087,Lord of Blood_s Favor,consumable,other,other,UNCHANGED
MENU_KNOWLEDGE_03088,Lord of Blood_s Favor,consumable,other,other,UNCHANGED
MENU_KNOWLEDGE_00508,Lump of Flesh,consumable,other,other,UNCHANGED
MENU_KNOWLEDGE_00429,Magic-Shrouding Cracked Tear,consumable,other,other,UNCHANGED
MENU_KNOWLEDGE_03083,Malenia_s Great Rune,consumable,other,other,UNCHANGED
MENU_KNOWLEDGE_03206,Malenia_s Great Rune,consumable,other,other,UNCHANGED
MENU_KNOWLEDGE_00275,Map (Ainsel River),consumable,other,other,UNCHANGED
MENU_KNOWLEDGE_00268,Map (Altus Plateau),consumable,other,other,UNCHANGED
MENU_KNOWLEDGE_00271,Map (Caelid),consumable,other,other,UNCHANGED
MENU_KNOWLEDGE_00272,Map (Consecrated Snowfield),consumable,other,other,UNCHANGED
MENU_KNOWLEDGE_00278,Map (Deeproot Depths),consumable,other,other,UNCHANGED
MENU_KNOWLEDGE_00270,Map (Dragonbarrow),consumable,other,other,UNCHANGED
MENU_KNOWLEDGE_00274,Map (Lake of Rot),consumable,other,other,UNCHANGED
MENU_KNOWLEDGE_00269,"Map (Leyndell, Royal Capital)",consumable,other,other,UNCHANGED
MENU_KNOWLEDGE_00263,"Map (Limgrave, East)",consumable,other,other,UNCHANGED
MENU_KNOWLEDGE_00261,"Map (Limgrave, West)",consumable,other,other,UNCHANGED
MENU_KNOWLEDGE_00266,"Map (Liurnia, East)",consumable,other,other,UNCHANGED
MENU_KNOWLEDGE_00265,"Map (Liurnia, North)",consumable,other,other,UNCHANGED
MENU_KNOWLEDGE_00264,"Map (Liurnia, West)",consumable,other,other,UNCHANGED
MENU_KNOWLEDGE_00277,Map (Mohgwyn Palace),consumable,other,other,UNCHANGED
MENU_KNOWLEDGE_00279,"Map (Mountaintops of the Giants, East)",consumable,other,other,UNCHANGED
MENU_KNOWLEDGE_00273,"Map (Mountaintops of the Giants, West)",consumable,other,other,UNCHANGED
MENU_KNOWLEDGE_00267,Map (Mt. Gelmir),consumable,other,other,UNCHANGED
MENU_KNOWLEDGE_00276,Map (Siofra River),consumable,other,other,UNCHANGED
MENU_KNOWLEDGE_00262,Map (Weeping Peninsula),consumable,other,other,UNCHANGED
MENU_KNOWLEDGE_01009,Melted Mushroom,consumable,other,other,UNCHANGED
MENU_KNOWLEDGE_00553,Memory Stone,consumable,other,other,UNCHANGED
MENU_KNOWLEDGE_03116,Mending Rune of Perfect Order,consumable,other,other,UNCHANGED
MENU_KNOWLEDGE_03117,Mending Rune of the Death-Prince,consumable,other,other,UNCHANGED
MENU_KNOWLEDGE_03118,Mending Rune of the Fell Curse,consumable,other,other,UNCHANGED
MENU_KNOWLEDGE_03074,Miniature Ranni,consumable,other,other,UNCHANGED
MENU_KNOWLEDGE_03224,Miniature Ranni,consumable,other,other,UNCHANGED
MENU_KNOWLEDGE_01039,Miquella_s Lily,consumable,other,other,UNCHANGED
MENU_KNOWLEDGE_00630,Miquella_s Needle,consumable,other,other,UNCHANGED
MENU_KNOWLEDGE_00521,Miranda Powder,consumable,other,other,UNCHANGED
MENU_KNOWLEDGE_03144,Miriel_s _ Corhyn_s _ D_s Bell Bearing,consumable,other,other,UNCHANGED
MENU_KNOWLEDGE_03122,Missionary_s Cookbook,consumable,other,other,UNCHANGED
MENU_KNOWLEDGE_03082,Mohg_s Great Rune,consumable,other,other,UNCHANGED
MENU_KNOWLEDGE_03205,Mohg_s Great Rune,consumable,other,other,UNCHANGED
MENU_KNOWLEDGE_03080,Morgott_s Great Rune,consumable,other,other,UNCHANGED
MENU_KNOWLEDGE_03200,Morgott_s Great Rune,consumable,other,other,UNCHANGED
MENU_KNOWLEDGE_01024,Mushroom,consumable,other,other,UNCHANGED
MENU_KNOWLEDGE_01043,Nascent Butterfly,consumable,other,other,UNCHANGED
MENU_KNOWLEDGE_03119,Nomadic Warrior_s Cookbook,consumable,other,other,UNCHANGED
MENU_KNOWLEDGE_00510,Old Fang,consumable,other,other,UNCHANGED
MENU_KNOWLEDGE_00408,Opaline Bubbletear,consumable,other,other,UNCHANGED
MENU_KNOWLEDGE_00411,Opaline Hardtear,consumable,other,other,UNCHANGED
MENU_KNOWLEDGE_03147,Patches_ _ Kale_s _ Gostoc_s _ Blackguard_s _ Pidia_s Bell Bearing,consumable,other,other,UNCHANGED
MENU_KNOWLEDGE_00443,Perfume Bottle,consumable,other,other,UNCHANGED
MENU_KNOWLEDGE_03123,Perfumer_s Cookbook,consumable,other,other,UNCHANGED
MENU_KNOWLEDGE_01013,Poisonbloom,consumable,other,other,UNCHANGED
MENU_KNOWLEDGE_00427,Purifying Crystal Tear,consumable,other,other,UNCHANGED
MENU_KNOWLEDGE_03079,Radahn_s Great Rune,consumable,other,other,UNCHANGED
MENU_KNOWLEDGE_03204,Radahn_s Great Rune,consumable,other,other,UNCHANGED
MENU_KNOWLEDGE_03021,Red-Hot Whetblade,consumable,other,other,UNCHANGED
MENU_KNOWLEDGE_01007,Rimed Crystal Bud,consumable,other,other,UNCHANGED
MENU_KNOWLEDGE_01005,Rimed Rowa,consumable,other,other,UNCHANGED
MENU_KNOWLEDGE_03010,Ritual Pot,consumable,other,other,UNCHANGED
MENU_KNOWLEDGE_03002,Rold Medallion,consumable,other,other,UNCHANGED
MENU_KNOWLEDGE_00542,Root Resin,consumable,other,other,UNCHANGED
MENU_KNOWLEDGE_00531,Rowa Fruit,consumable,other,other,UNCHANGED
MENU_KNOWLEDGE_00311,Royal House Scroll,consumable,other,other,UNCHANGED
MENU_KNOWLEDGE_00523,Ruin Fragment,consumable,other,other,UNCHANGED
MENU_KNOWLEDGE_00416,Ruptured Crystal Tear,consumable,other,other,UNCHANGED
MENU_KNOWLEDGE_00417,Ruptured Crystal Tear,consumable,other,other,UNCHANGED
MENU_KNOWLEDGE_00229,Rusty Key,consumable,other,other,UNCHANGED
MENU_KNOWLEDGE_03064,Rya_s Necklace,consumable,other,other,UNCHANGED
MENU_KNOWLEDGE_03081,Rykard_s Great Rune,consumable,other,other,UNCHANGED
MENU_KNOWLEDGE_03203,Rykard_s Great Rune,consumable,other,other,UNCHANGED
MENU_KNOWLEDGE_01016,Sacramental Bud,consumable,other,other,UNCHANGED
MENU_KNOWLEDGE_03022,Sanctified Whetblade,consumable,other,other,UNCHANGED
MENU_KNOWLEDGE_01038,Sanctuary Stone,consumable,other,other,UNCHANGED
MENU_KNOWLEDGE_03272,Seedbed Curse,consumable,other,other,UNCHANGED
MENU_KNOWLEDGE_03072,Sellen_s Primal Glintstone,consumable,other,other,UNCHANGED
MENU_KNOWLEDGE_03103,Sellian Sealbreaker,consumable,other,other,UNCHANGED
MENU_KNOWLEDGE_03146,Seluvis_s Bell Bearing,consumable,other,other,UNCHANGED
MENU_KNOWLEDGE_03071,Seluvis_s Introduction,consumable,other,other,UNCHANGED
MENU_KNOWLEDGE_03098,Seluvis_s Potion,consumable,other,other,UNCHANGED
MENU_KNOWLEDGE_03057,Serpent_s Amnion,consumable,other,other,UNCHANGED
MENU_KNOWLEDGE_03227,Sewer-Gaol Key,consumable,other,other,UNCHANGED
MENU_KNOWLEDGE_03095,Sewing Needle,consumable,other,other,UNCHANGED
MENU_KNOWLEDGE_03052,Shabriri Grape,consumable,other,other,UNCHANGED
MENU_KNOWLEDGE_01018,Silver Firefly,consumable,other,other,UNCHANGED
MENU_KNOWLEDGE_01037,Silver Tear Husk,consumable,other,other,UNCHANGED
MENU_KNOWLEDGE_00506,Sliver of Meat,consumable,other,other,UNCHANGED
MENU_KNOWLEDGE_00518,Slumbering Egg,consumable,other,other,UNCHANGED
MENU_KNOWLEDGE_01034,Smoldering Butterfly,consumable,other,other,UNCHANGED
MENU_KNOWLEDGE_00406,Speckled Hardtear,consumable,other,other,UNCHANGED
MENU_KNOWLEDGE_00414,Spiked Cracked Tear,consumable,other,other,UNCHANGED
MENU_KNOWLEDGE_03092,Spirit Calling Bell,consumable,other,other,UNCHANGED
MENU_KNOWLEDGE_00426,Stonebarb Cracked Tear,consumable,other,other,UNCHANGED
MENU_KNOWLEDGE_00228,Stonesword Key,consumable,other,other,UNCHANGED
MENU_KNOWLEDGE_01047,Stormhawk Feather,consumable,other,other,UNCHANGED
MENU_KNOWLEDGE_03273,Stormhawk King,consumable,other,other,UNCHANGED
MENU_KNOWLEDGE_00421,Strength-Knot Crystal Tear,consumable,other,other,UNCHANGED
MENU_KNOWLEDGE_00505,String,consumable,other,other,UNCHANGED
MENU_KNOWLEDGE_00522,Strip of White Flesh,consumable,other,other,UNCHANGED
MENU_KNOWLEDGE_03097,Tailoring Tools,consumable,other,other,UNCHANGED
MENU_KNOWLEDGE_00554,Talisman Pouch,consumable,other,other,UNCHANGED
MENU_KNOWLEDGE_01044,Tarnished Golden Sunflower,consumable,other,other,UNCHANGED
MENU_KNOWLEDGE_00540,Thin Animal Bones,consumable,other,other,UNCHANGED
MENU_KNOWLEDGE_00413,Thorny Cracked Tear,consumable,other,other,UNCHANGED
MENU_KNOWLEDGE_03056,Tonic of Forgetfulness,consumable,other,other,UNCHANGED
MENU_KNOWLEDGE_01004,Toxic Mushroom,consumable,other,other,UNCHANGED
MENU_KNOWLEDGE_01014,Trina_s Lily,consumable,other,other,UNCHANGED
MENU_KNOWLEDGE_00515,Turtle Neck Meat,consumable,other,other,UNCHANGED
MENU_KNOWLEDGE_00419,Twiggy Crystal Tear,consumable,other,other,UNCHANGED
MENU_KNOWLEDGE_00318,Two Fingers Prayerbook,consumable,other,other,UNCHANGED
MENU_KNOWLEDGE_03231,Unalloyed Gold Needle,consumable,other,other,UNCHANGED
MENU_KNOWLEDGE_03232,Unalloyed Gold Needle,consumable,other,other,UNCHANGED
MENU_KNOWLEDGE_03275,Unalloyed Gold Needle,consumable,other,other,UNCHANGED
MENU_KNOWLEDGE_03233,Valkyrie_s Prosthesis,consumable,other,other,UNCHANGED
MENU_KNOWLEDGE_01002,Volcanic Stone,consumable,other,other,UNCHANGED
MENU_KNOWLEDGE_03055,Volcano Manor Invitation,consumable,other,other,UNCHANGED
MENU_KNOWLEDGE_03222,Weathered Dagger,consumable,other,other,UNCHANGED
MENU_KNOWLEDGE_03287,Weathered Map,consumable,other,other,UNCHANGED
WEATHERED_MAP,Weathered Map,consumable,other,other,UNCHANGED
MENU_KNOWLEDGE_03090,Whetstone Knife,consumable,other,other,UNCHANGED
MENU_KNOWLEDGE_00415,Windy Crystal Tear,consumable,other,other,UNCHANGED
MENU_KNOWLEDGE_00412,Winged Crystal Tear,consumable,other,other,UNCHANGED
MENU_KNOWLEDGE_01046,Yellow Ember,consumable,other,other,UNCHANGED
MENU_KNOWLEDGE_18880,Ancestral Spirit_s Horn,relic,other,other,UNCHANGED
MENU_KNOWLEDGE_18330,Arrow_s Reach Talisman,relic,other,other,UNCHANGED
MENU_KNOWLEDGE_18340,Arrow_s Sting Talisman,relic,other,other,UNCHANGED
MENU_KNOWLEDGE_18031,Arsenal Charm +1,relic,other,other,UNCHANGED
MENU_KNOWLEDGE_18030,Arsenal Charm,relic,other,other,UNCHANGED
MENU_KNOWLEDGE_18670,Assassin_s Cerulean Dagger,relic,other,other,UNCHANGED
MENU_KNOWLEDGE_18660,Assassin_s Crimson Dagger,relic,other,other,UNCHANGED
MENU_KNOWLEDGE_18370,Axe Talisman,relic,other,other,UNCHANGED
MENU_KNOWLEDGE_18630,Blessed Dew Talisman,relic,other,other,UNCHANGED
MENU_KNOWLEDGE_18350,Blue Dancer Charm,relic,other,other,UNCHANGED
MENU_KNOWLEDGE_18570,Blue-Feathered Branch Sword,relic,other,other,UNCHANGED
MENU_KNOWLEDGE_18521,Boltdrake Talisman +1,relic,other,other,UNCHANGED
MENU_KNOWLEDGE_18522,Boltdrake Talisman +2,relic,other,other,UNCHANGED
MENU_KNOWLEDGE_18520,Boltdrake Talisman,relic,other,other,UNCHANGED
MENU_KNOWLEDGE_18220,Bull-Goat_s Talisman,relic,other,other,UNCHANGED
MENU_KNOWLEDGE_18700,Carian Filigreed Crest,relic,other,other,UNCHANGED
MENU_KNOWLEDGE_18011,Cerulean Amber Medallion +1,relic,other,other,UNCHANGED
MENU_KNOWLEDGE_18012,Cerulean Amber Medallion +2,relic,other,other,UNCHANGED
MENU_KNOWLEDGE_18010,Cerulean Amber Medallion,relic,other,other,UNCHANGED
MENU_KNOWLEDGE_18620,Cerulean Seed Talisman,relic,other,other,UNCHANGED
MENU_KNOWLEDGE_18190,Clarifying Horn Charm,relic,other,other,UNCHANGED
MENU_KNOWLEDGE_18191,Clarifying Horn Charm,relic,other,other,UNCHANGED
MENU_KNOWLEDGE_18800,Claw Talisman,relic,other,other,UNCHANGED
MENU_KNOWLEDGE_18830,Companion Jar,relic,other,other,UNCHANGED
MENU_KNOWLEDGE_18690,Concealing Veil,relic,other,other,UNCHANGED
MENU_KNOWLEDGE_18680,Crepus_s Vial,relic,other,other,UNCHANGED
MENU_KNOWLEDGE_18001,Crimson Amber Medallion +1,relic,other,other,UNCHANGED
MENU_KNOWLEDGE_18002,Crimson Amber Medallion +2,relic,other,other,UNCHANGED
MENU_KNOWLEDGE_18000,Crimson Amber Medallion,relic,other,other,UNCHANGED
MENU_KNOWLEDGE_18610,Crimson Seed Talisman,relic,other,other,UNCHANGED
MENU_KNOWLEDGE_18560,Crucible Feather Talisman,relic,other,other,UNCHANGED
MENU_KNOWLEDGE_18600,Crucible Knot Talisman,relic,other,other,UNCHANGED
MENU_KNOWLEDGE_18550,Crucible Scale Talisman,relic,other,other,UNCHANGED
MENU_KNOWLEDGE_18820,Curved Sword Talisman,relic,other,other,UNCHANGED
MENU_KNOWLEDGE_18740,Daedicar_s Woe,relic,other,other,UNCHANGED
MENU_KNOWLEDGE_18320,Dagger Talisman,relic,other,other,UNCHANGED
MENU_KNOWLEDGE_18493,Dragoncrest Greatshield Talisman,relic,other,other,UNCHANGED
MENU_KNOWLEDGE_18491,Dragoncrest Shield Talisman +1,relic,other,other,UNCHANGED
MENU_KNOWLEDGE_18492,Dragoncrest Shield Talisman +2,relic,other,other,UNCHANGED
MENU_KNOWLEDGE_18490,Dragoncrest Shield Talisman,relic,other,other,UNCHANGED
MENU_KNOWLEDGE_18041,Erdtree_s Favor +1,relic,other,other,UNCHANGED
MENU_KNOWLEDGE_18042,Erdtree_s Favor +2,relic,other,other,UNCHANGED
MENU_KNOWLEDGE_18040,Erdtree_s Favor,relic,other,other,UNCHANGED
MENU_KNOWLEDGE_18440,Faithful_s Canvas Talisman,relic,other,other,UNCHANGED
MENU_KNOWLEDGE_18250,Fire Scorpion Charm,relic,other,other,UNCHANGED
MENU_KNOWLEDGE_18511,Flamedrake Talisman +1,relic,other,other,UNCHANGED
MENU_KNOWLEDGE_18512,Flamedrake Talisman +2,relic,other,other,UNCHANGED
MENU_KNOWLEDGE_18510,Flamedrake Talisman,relic,other,other,UNCHANGED
MENU_KNOWLEDGE_18450,Flock_s Canvas Talisman,relic,other,other,UNCHANGED
MENU_KNOWLEDGE_18760,Furled Finger_s Trick Mirror,relic,other,other,UNCHANGED
MENU_KNOWLEDGE_18860,Godfrey Icon,relic,other,other,UNCHANGED
MENU_KNOWLEDGE_18650,Godskin Swaddling Cloth,relic,other,other,UNCHANGED
MENU_KNOWLEDGE_18120,Gold Scarab,relic,other,other,UNCHANGED
MENU_KNOWLEDGE_18411,Graven-Mass Talisman,relic,other,other,UNCHANGED
MENU_KNOWLEDGE_18410,Graven-School Talisman,relic,other,other,UNCHANGED
MENU_KNOWLEDGE_18032,Great-Jar_s Arsenal,relic,other,other,UNCHANGED
MENU_KNOWLEDGE_18590,Greatshield Talisman,relic,other,other,UNCHANGED
MENU_KNOWLEDGE_18160,Green Turtle Talisman,relic,other,other,UNCHANGED
MENU_KNOWLEDGE_18531,Haligdrake Talisman +1,relic,other,other,UNCHANGED
MENU_KNOWLEDGE_18532,Haligdrake Talisman +2,relic,other,other,UNCHANGED
MENU_KNOWLEDGE_18530,Haligdrake Talisman,relic,other,other,UNCHANGED
MENU_KNOWLEDGE_18300,Hammer Talisman,relic,other,other,UNCHANGED
MENU_KNOWLEDGE_18770,Host_s Trick Mirror,relic,other,other,UNCHANGED
MENU_KNOWLEDGE_18181,Immunizing Horn Charm +1,relic,other,other,UNCHANGED
MENU_KNOWLEDGE_18180,Immunizing Horn Charm,relic,other,other,UNCHANGED
MENU_KNOWLEDGE_18400,Kindred of Rot_s Exultation,relic,other,other,UNCHANGED
MENU_KNOWLEDGE_18380,Lance Talisman,relic,other,other,UNCHANGED
MENU_KNOWLEDGE_18240,Lightning Scorpion Charm,relic,other,other,UNCHANGED
MENU_KNOWLEDGE_18720,Longtail Cat Talisman,relic,other,other,UNCHANGED
MENU_KNOWLEDGE_18390,Lord of Blood_s Exultation,relic,other,other,UNCHANGED
MENU_KNOWLEDGE_18230,Magic Scorpion Charm,relic,other,other,UNCHANGED
MENU_KNOWLEDGE_18060,Marika_s Scarseal,relic,other,other,UNCHANGED
MENU_KNOWLEDGE_18061,Marika_s Soreseal,relic,other,other,UNCHANGED
MENU_KNOWLEDGE_18890,Millicent_s Prosthesis,relic,other,other,UNCHANGED
MENU_KNOWLEDGE_18150,Moon of Nokstella,relic,other,other,UNCHANGED
MENU_KNOWLEDGE_18211,Mottled Necklace +1,relic,other,other,UNCHANGED
MENU_KNOWLEDGE_18210,Mottled Necklace,relic,other,other,UNCHANGED
MENU_KNOWLEDGE_18460,Old Lord_s Talisman,relic,other,other,UNCHANGED
MENU_KNOWLEDGE_18541,Pearldrake Talisman +1,relic,other,other,UNCHANGED
MENU_KNOWLEDGE_18542,Pearldrake Talisman +2,relic,other,other,UNCHANGED
MENU_KNOWLEDGE_18540,Pearldrake Talisman,relic,other,other,UNCHANGED
MENU_KNOWLEDGE_18840,Perfumer_s Talisman,relic,other,other,UNCHANGED
MENU_KNOWLEDGE_18480,Primal Glintstone Blade,relic,other,other,UNCHANGED
MENU_KNOWLEDGE_18201,Prince of Death_s Cyst,relic,other,other,UNCHANGED
MENU_KNOWLEDGE_03220,Prince of Death_s Pustule,relic,other,other,UNCHANGED
MENU_KNOWLEDGE_18200,Prince of Death_s Pustule,relic,other,other,UNCHANGED
MENU_KNOWLEDGE_18080,Prosthesis-Wearer Heirloom,relic,other,other,UNCHANGED
MENU_KNOWLEDGE_18470,Radagon_s Icon,relic,other,other,UNCHANGED
MENU_KNOWLEDGE_18050,Radagon_s Scarseal,relic,other,other,UNCHANGED
MENU_KNOWLEDGE_18051,Radagon_s Soreseal,relic,other,other,UNCHANGED
MENU_KNOWLEDGE_18270,Red-Feathered Branch Sword,relic,other,other,UNCHANGED
MENU_KNOWLEDGE_18580,Ritual Shield Talisman,relic,other,other,UNCHANGED
MENU_KNOWLEDGE_18280,Ritual Sword Talisman,relic,other,other,UNCHANGED
MENU_KNOWLEDGE_18810,Roar Medallion,relic,other,other,UNCHANGED
MENU_KNOWLEDGE_18311,Rotten Winged Sword Insignia,relic,other,other,UNCHANGED
MENU_KNOWLEDGE_18260,Sacred Scorpion Charm,relic,other,other,UNCHANGED
MENU_KNOWLEDGE_18750,Sacrificial Twig,relic,other,other,UNCHANGED
MENU_KNOWLEDGE_18730,Shabriri_s Woe,relic,other,other,UNCHANGED
MENU_KNOWLEDGE_18871,Shard of Alexander,relic,other,other,UNCHANGED
MENU_KNOWLEDGE_18110,Silver Scarab,relic,other,other,UNCHANGED
MENU_KNOWLEDGE_18290,Spear Talisman,relic,other,other,UNCHANGED
MENU_KNOWLEDGE_18501,Spelldrake Talisman +1,relic,other,other,UNCHANGED
MENU_KNOWLEDGE_18502,Spelldrake Talisman +2,relic,other,other,UNCHANGED
MENU_KNOWLEDGE_18500,Spelldrake Talisman,relic,other,other,UNCHANGED
MENU_KNOWLEDGE_18171,Stalwart Horn Charm +1,relic,other,other,UNCHANGED
MENU_KNOWLEDGE_18170,Stalwart Horn Charm,relic,other,other,UNCHANGED
MENU_KNOWLEDGE_18090,Stargazer Heirloom,relic,other,other,UNCHANGED
MENU_KNOWLEDGE_18070,Starscourge Heirloom,relic,other,other,UNCHANGED
MENU_KNOWLEDGE_18640,Taker_s Cameo,relic,other,other,UNCHANGED
MENU_KNOWLEDGE_18360,Twinblade Talisman,relic,other,other,UNCHANGED
MENU_KNOWLEDGE_18100,Two Fingers Heirloom,relic,other,other,UNCHANGED
MENU_KNOWLEDGE_18021,Viridian Amber Medallion +1,relic,other,other,UNCHANGED
MENU_KNOWLEDGE_18022,Viridian Amber Medallion +2,relic,other,other,UNCHANGED
MENU_KNOWLEDGE_18020,Viridian Amber Medallion,relic,other,other,UNCHANGED
MENU_KNOWLEDGE_18870,Warrior Jar Shard,relic,other,other,UNCHANGED
MENU_KNOWLEDGE_18310,Winged Sword Insignia,relic,other,other,UNCHANGED
MENU_KNOWLEDGE_12044,Albinauric Shield,shield,other,other,UNCHANGED
MENU_KNOWLEDGE_12100,Ant_s Skull Plate,shield,other,other,UNCHANGED
MENU_KNOWLEDGE_12043,Banished Knight_s Shield,shield,other,other,UNCHANGED
MENU_KNOWLEDGE_12064,Beast Crest Heater Shield,shield,other,other,UNCHANGED
MENU_KNOWLEDGE_12006,Beastman_s Jar Shield,shield,other,other,UNCHANGED
MENU_KNOWLEDGE_12070,Black Leather Shield,shield,other,other,UNCHANGED
MENU_KNOWLEDGE_12066,Blue Crest Heater Shield,shield,other,other,UNCHANGED
MENU_KNOWLEDGE_12050,Blue-Gold Kite Shield,shield,other,other,UNCHANGED
MENU_KNOWLEDGE_12010,Blue-White Wooden Shield,shield,other,other,UNCHANGED
MENU_KNOWLEDGE_12051,Brass Shield,shield,other,other,UNCHANGED
MENU_KNOWLEDGE_12084,Briar Greatshield,shield,other,other,UNCHANGED
MENU_KNOWLEDGE_12000,Buckler,shield,other,other,UNCHANGED
MENU_KNOWLEDGE_12061,Candletree Wooden Shield,shield,other,other,UNCHANGED
MENU_KNOWLEDGE_12055,Carian Knight_s Shield,shield,other,other,UNCHANGED
MENU_KNOWLEDGE_12020,Coil Shield,shield,other,other,UNCHANGED
MENU_KNOWLEDGE_12098,Crossed Tree Towershield,shield,other,other,UNCHANGED
MENU_KNOWLEDGE_12082,Crucible Hornshield,shield,other,other,UNCHANGED
MENU_KNOWLEDGE_12103,Cuckoo Greatshield,shield,other,other,UNCHANGED
MENU_KNOWLEDGE_12081,Distinguished Greatshield,shield,other,other,UNCHANGED
MENU_KNOWLEDGE_12080,Dragon Towershield,shield,other,other,UNCHANGED
MENU_KNOWLEDGE_12083,Dragonclaw Shield,shield,fist,fist,UPDATED
MENU_KNOWLEDGE_12102,Eclipse Crest Greatshield,shield,other,other,UNCHANGED
MENU_KNOWLEDGE_12067,Eclipse Crest Heater Shield,shield,other,other,UNCHANGED
MENU_KNOWLEDGE_12086,Erdtree Greatshield,shield,other,other,UNCHANGED
MENU_KNOWLEDGE_12091,Fingerprint Stone Shield,shield,other,other,UNCHANGED
MENU_KNOWLEDGE_12062,Flame Crest Wooden Shield,shield,other,other,UNCHANGED
MENU_KNOWLEDGE_12105,Gilded Greatshield,shield,other,other,UNCHANGED
MENU_KNOWLEDGE_12013,Gilded Iron Shield,shield,other,other,UNCHANGED
MENU_KNOWLEDGE_12087,Golden Beast Crest Shield,shield,other,other,UNCHANGED
MENU_KNOWLEDGE_12104,Golden Greatshield,shield,other,other,UNCHANGED
MENU_KNOWLEDGE_12052,Great Turtle Shell,shield,other,other,UNCHANGED
MENU_KNOWLEDGE_12106,Haligtree Crest Greatshield,shield,other,other,UNCHANGED
MENU_KNOWLEDGE_12063,Hawk Crest Wooden Shield,shield,other,other,UNCHANGED
MENU_KNOWLEDGE_12069,Heater Shield,shield,other,other,UNCHANGED
MENU_KNOWLEDGE_12060,Horse Crest Wooden Shield,shield,other,other,UNCHANGED
MENU_KNOWLEDGE_12014,Ice Crest Shield,shield,other,other,UNCHANGED
MENU_KNOWLEDGE_12092,Icon Shield,shield,other,other,UNCHANGED
MENU_KNOWLEDGE_12068,Inverted Hawk Heater Shield,shield,other,other,UNCHANGED
MENU_KNOWLEDGE_12099,Inverted Hawk Towershield,shield,other,other,UNCHANGED
MENU_KNOWLEDGE_12012,Iron Roundshield,shield,polearm,polearm,UPDATED
MENU_KNOWLEDGE_12090,Jellyfish Shield,shield,other,other,UNCHANGED
MENU_KNOWLEDGE_12040,Kite Shield,shield,other,other,UNCHANGED
MENU_KNOWLEDGE_12059,Large Leather Shield,shield,other,other,UNCHANGED
MENU_KNOWLEDGE_12108,Lordsworn_s Shield,shield,other,other,UNCHANGED
MENU_KNOWLEDGE_12002,Man-Serpent_s Shield,shield,other,other,UNCHANGED
MENU_KNOWLEDGE_12097,Manor Towershield,shield,other,other,UNCHANGED
MENU_KNOWLEDGE_12041,Marred Leather Shield,shield,other,other,UNCHANGED
MENU_KNOWLEDGE_12042,Marred Wooden Shield,shield,other,other,UNCHANGED
MENU_KNOWLEDGE_12093,One-Eyed Shield,shield,other,other,UNCHANGED
MENU_KNOWLEDGE_12001,Perfumer_s Shield,shield,other,other,UNCHANGED
MENU_KNOWLEDGE_12004,Pillory Shield,shield,other,other,UNCHANGED
MENU_KNOWLEDGE_12065,Red Crest Heater Shield,shield,other,other,UNCHANGED
MENU_KNOWLEDGE_12007,Red Thorn Roundshield,shield,other,other,UNCHANGED
MENU_KNOWLEDGE_12101,Redmane Greatshield,shield,other,other,UNCHANGED
MENU_KNOWLEDGE_12003,Rickety Shield,shield,other,other,UNCHANGED
MENU_KNOWLEDGE_12011,Rift Shield,shield,other,other,UNCHANGED
MENU_KNOWLEDGE_12009,Riveted Wooden Shield,shield,sword,sword,UPDATED
MENU_KNOWLEDGE_12047,Round Shield,shield,other,other,UNCHANGED
MENU_KNOWLEDGE_12048,Scorpion Kite Shield,shield,other,other,UNCHANGED
MENU_KNOWLEDGE_12008,Scripture Wooden Shield,shield,other,other,UNCHANGED
MENU_KNOWLEDGE_12053,Shield of the Guilty,shield,other,other,UNCHANGED
MENU_KNOWLEDGE_12046,Silver Mirrorshield,shield,other,other,UNCHANGED
MENU_KNOWLEDGE_12015,Smoldering Shield,shield,other,other,UNCHANGED
MENU_KNOWLEDGE_12095,Spiked Palisade Shield,shield,polearm,polearm,UPDATED
MENU_KNOWLEDGE_12019,Spiralhorn Shield,shield,other,other,UNCHANGED
MENU_KNOWLEDGE_12049,Twinbird Kite Shield,shield,other,other,UNCHANGED
MENU_KNOWLEDGE_12094,Visage Shield,shield,other,other,UNCHANGED
MENU_KNOWLEDGE_12107,Wooden Greatshield,shield,other,other,UNCHANGED
MENU_KNOWLEDGE_06031,Adula_s Moonblade,spell,sorcery,sorcery,UPDATED
MENU_KNOWLEDGE_06081,Agheel_s Flame,spell,incantation,incantation,UPDATED
MENU_KNOWLEDGE_06036,Ambush Shard,spell,sorcery,sorcery,UPDATED
MENU_KNOWLEDGE_06049,Ancient Death Rancor,spell,incantation,incantation,UPDATED
MENU_KNOWLEDGE_06074,Ancient Dragons_ Lightning Spear,spell,incantation,incantation,UPDATED
MENU_KNOWLEDGE_06069,Ancient Dragons_ Lightning Strike,spell,incantation,incantation,UPDATED
MENU_KNOWLEDGE_06615,Aspects of the Crucible_ Breath,spell,incantation,incantation,UPDATED
MENU_KNOWLEDGE_06614,Aspects of the Crucible_ Horns,spell,incantation,incantation,UPDATED
MENU_KNOWLEDGE_06613,Aspects of the Crucible_ Tail,spell,incantation,incantation,UPDATED
MENU_KNOWLEDGE_06312,Assassin_s Approach,spell,incantation,incantation,UPDATED
MENU_KNOWLEDGE_06311,Barrier of Gold,spell,incantation,incantation,UPDATED
MENU_KNOWLEDGE_06402,Beast Claw,spell,incantation,incantation,UPDATED
MENU_KNOWLEDGE_06503,Bestial Constitution,spell,incantation,incantation,UPDATED
MENU_KNOWLEDGE_06400,Bestial Sling,spell,incantation,incantation,UPDATED
MENU_KNOWLEDGE_06500,Bestial Vitality,spell,incantation,incantation,UPDATED
MENU_KNOWLEDGE_06712,Black Blade,spell,other,other,UNCHANGED
MENU_KNOWLEDGE_06203,Black Flame,spell,incantation,incantation,UPDATED
MENU_KNOWLEDGE_06306,Black Flame Armament,spell,incantation,incantation,UPDATED
MENU_KNOWLEDGE_06214,Black Flame Ritual,spell,incantation,incantation,UPDATED
MENU_KNOWLEDGE_06310,Black Flame_s Protection,spell,incantation,incantation,UPDATED
MENU_KNOWLEDGE_06305,Blessing of the Erdtree,spell,incantation,incantation,UPDATED
MENU_KNOWLEDGE_06304,Blessing_s Boon,spell,incantation,incantation,UPDATED
MENU_KNOWLEDGE_06254,Bloodboon,spell,incantation,incantation,UPDATED
MENU_KNOWLEDGE_06307,Bloodflame Armament,spell,incantation,incantation,UPDATED
MENU_KNOWLEDGE_06056,Bloodflame Talons,spell,incantation,incantation,UPDATED
MENU_KNOWLEDGE_06084,Borealis_s Mist,spell,incantation,incantation,UPDATED
MENU_KNOWLEDGE_06047,Briars of Punishment,spell,sorcery,sorcery,UPDATED
MENU_KNOWLEDGE_06046,Briars of Sin,spell,sorcery,sorcery,UPDATED
MENU_KNOWLEDGE_06211,"Burn, O Flame!",spell,incantation,incantation,UPDATED
MENU_KNOWLEDGE_06017,Cannon of Haima,spell,sorcery,sorcery,UPDATED
MENU_KNOWLEDGE_06050,Carian Greatsword,spell,sorcery,sorcery,UPDATED
MENU_KNOWLEDGE_06023,Carian Phalanx,spell,sorcery,sorcery,UPDATED
MENU_KNOWLEDGE_06052,Carian Piercer,spell,sorcery,sorcery,UPDATED
MENU_KNOWLEDGE_06040,Carian Retaliation,spell,incantation,incantation,UPDATED
MENU_KNOWLEDGE_06051,Carian Slicer,spell,sorcery,sorcery,UPDATED
MENU_KNOWLEDGE_06200,Catch Flame,spell,incantation,incantation,UPDATED
MENU_KNOWLEDGE_06044,Collapsing Stars,spell,sorcery,sorcery,UPDATED
MENU_KNOWLEDGE_06003,Comet,spell,sorcery,sorcery,UPDATED
MENU_KNOWLEDGE_06012,Comet Azur,spell,sorcery,sorcery,UPDATED
MENU_KNOWLEDGE_06009,Crystal Barrage,spell,sorcery,sorcery,UPDATED
MENU_KNOWLEDGE_06006,Crystal Burst,spell,sorcery,sorcery,UPDATED
MENU_KNOWLEDGE_06034,Crystal Release,spell,sorcery,sorcery,UPDATED
MENU_KNOWLEDGE_06035,Crystal Torrent,spell,sorcery,sorcery,UPDATED
MENU_KNOWLEDGE_06057,Cure Poison,spell,incantation,incantation,UPDATED
MENU_KNOWLEDGE_06059,Darkness,spell,incantation,incantation,UPDATED
MENU_KNOWLEDGE_06104,Death Lightning,spell,incantation,incantation,UPDATED
MENU_KNOWLEDGE_06252,Discus of Light,spell,incantation,incantation,UPDATED
MENU_KNOWLEDGE_06710,Divine Fortification,spell,incantation,incantation,UPDATED
MENU_KNOWLEDGE_06079,Dragonbolt Blessing,spell,incantation,incantation,UPDATED
MENU_KNOWLEDGE_06090,Dragonclaw,spell,incantation,incantation,UPDATED
MENU_KNOWLEDGE_06080,Dragonfire,spell,incantation,incantation,UPDATED
MENU_KNOWLEDGE_06083,Dragonice,spell,incantation,incantation,UPDATED
MENU_KNOWLEDGE_06091,Dragonmaw,spell,incantation,incantation,UPDATED
MENU_KNOWLEDGE_06086,Ekzykes_s Decay,spell,incantation,incantation,UPDATED
MENU_KNOWLEDGE_06063,Elden Stars,spell,incantation,incantation,UPDATED
MENU_KNOWLEDGE_06077,Electrify Armament,spell,incantation,incantation,UPDATED
MENU_KNOWLEDGE_06302,Erdtree Heal,spell,incantation,incantation,UPDATED
MENU_KNOWLEDGE_06041,Eternal Darkness,spell,incantation,incantation,UPDATED
MENU_KNOWLEDGE_06053,Explosive Ghostflame,spell,incantation,incantation,UPDATED
MENU_KNOWLEDGE_06054,Fia_s Mist,spell,sorcery,sorcery,UPDATED
MENU_KNOWLEDGE_06060,Fire_s Deadly Sin,spell,incantation,incantation,UPDATED
MENU_KNOWLEDGE_06707,Flame Fortification,spell,incantation,incantation,UPDATED
MENU_KNOWLEDGE_06207,Flame of the Fell God,spell,incantation,incantation,UPDATED
MENU_KNOWLEDGE_06202,Flame Sling,spell,incantation,incantation,UPDATED
MENU_KNOWLEDGE_06303,"Flame, Cleanse Me",spell,incantation,incantation,UPDATED
MENU_KNOWLEDGE_06206,"Flame, Fall Upon Them",spell,incantation,incantation,UPDATED
MENU_KNOWLEDGE_06308,"Flame, Grant Me Strength",spell,incantation,incantation,UPDATED
MENU_KNOWLEDGE_06309,"Flame, Protect Me",spell,incantation,incantation,UPDATED
MENU_KNOWLEDGE_06075,Fortissax_s Lightning Spear,spell,incantation,incantation,UPDATED
MENU_KNOWLEDGE_06021,Founding Rain of Stars,spell,sorcery,sorcery,UPDATED
MENU_KNOWLEDGE_06030,Freezing Mist,spell,sorcery,sorcery,UPDATED
MENU_KNOWLEDGE_06097,Frenzied Burst,spell,incantation,incantation,UPDATED
MENU_KNOWLEDGE_06507,Frozen Armament,spell,sorcery,sorcery,UPDATED
MENU_KNOWLEDGE_06072,Frozen Lightning Spear,spell,incantation,incantation,UPDATED
MENU_KNOWLEDGE_06020,Gavel of Haima,spell,sorcery,sorcery,UPDATED
MENU_KNOWLEDGE_06212,Gelmir_s Fury,spell,sorcery,sorcery,UPDATED
MENU_KNOWLEDGE_06204,Giantsflame Take Thee,spell,incantation,incantation,UPDATED
MENU_KNOWLEDGE_06005,Glintblade Phalanx,spell,sorcery,sorcery,UPDATED
MENU_KNOWLEDGE_06014,Glintstone Arc,spell,sorcery,sorcery,UPDATED
MENU_KNOWLEDGE_06087,Glintstone Breath,spell,incantation,incantation,UPDATED
MENU_KNOWLEDGE_06002,Glintstone Cometshard,spell,sorcery,sorcery,UPDATED
MENU_KNOWLEDGE_06028,Glintstone Icecrag,spell,sorcery,sorcery,UPDATED
MENU_KNOWLEDGE_06000,Glintstone Pebble,spell,sorcery,sorcery,UPDATED
MENU_KNOWLEDGE_06010,Glintstone Stars,spell,sorcery,sorcery,UPDATED
MENU_KNOWLEDGE_06706,Golden Lightning Fortification,spell,incantation,incantation,UPDATED
MENU_KNOWLEDGE_06504,Golden Vow,spell,other,other,UNCHANGED
MENU_KNOWLEDGE_06043,Gravity Well,spell,sorcery,sorcery,UPDATED
MENU_KNOWLEDGE_06015,Great Glintstone Shard,spell,sorcery,sorcery,UPDATED
MENU_KNOWLEDGE_06505,Great Heal,spell,incantation,incantation,UPDATED
MENU_KNOWLEDGE_06608,Great Oracular Bubble,spell,other,other,UNCHANGED
MENU_KNOWLEDGE_06024,Greatblade Phalanx,spell,sorcery,sorcery,UPDATED
MENU_KNOWLEDGE_06092,Greyoll_s Roar,spell,incantation,incantation,UPDATED
MENU_KNOWLEDGE_06403,Gurranq_s Beast Claw,spell,incantation,incantation,UPDATED
MENU_KNOWLEDGE_06301,Heal,spell,incantation,incantation,UPDATED
MENU_KNOWLEDGE_06073,Honed Bolt,spell,incantation,incantation,UPDATED
MENU_KNOWLEDGE_06098,Howl of Shabriri,spell,incantation,incantation,UPDATED
MENU_KNOWLEDGE_06065,Immutable Shield,spell,incantation,incantation,UPDATED
MENU_KNOWLEDGE_06094,Inescapable Frenzy,spell,incantation,incantation,UPDATED
MENU_KNOWLEDGE_06076,Lansseax_s Glaive,spell,incantation,incantation,UPDATED
MENU_KNOWLEDGE_06066,Law of Causality,spell,incantation,incantation,UPDATED
MENU_KNOWLEDGE_06064,Law of Regression,spell,incantation,incantation,UPDATED
MENU_KNOWLEDGE_06709,Lightning Fortification,spell,incantation,incantation,UPDATED
MENU_KNOWLEDGE_06406,Lightning Spear,spell,incantation,incantation,UPDATED
MENU_KNOWLEDGE_06408,Lightning Strike,spell,incantation,incantation,UPDATED
MENU_KNOWLEDGE_06256,Litany of Proper Death,spell,incantation,incantation,UPDATED
MENU_KNOWLEDGE_06058,Lord_s Aid,spell,incantation,incantation,UPDATED
MENU_KNOWLEDGE_06711,Lord_s Divine Fortification,spell,incantation,incantation,UPDATED
MENU_KNOWLEDGE_06506,Lord_s Heal,spell,incantation,incantation,UPDATED
MENU_KNOWLEDGE_06013,Loretta_s Greatbow,spell,sorcery,sorcery,UPDATED
MENU_KNOWLEDGE_06026,Loretta_s Mastery,spell,sorcery,sorcery,UPDATED
MENU_KNOWLEDGE_06032,Lucidity,spell,sorcery,sorcery,UPDATED
MENU_KNOWLEDGE_06011,Magic Downpour,spell,sorcery,sorcery,UPDATED
MENU_KNOWLEDGE_06708,Magic Fortification,spell,incantation,incantation,UPDATED
MENU_KNOWLEDGE_06027,Magic Glintblade,spell,sorcery,sorcery,UPDATED
MENU_KNOWLEDGE_06082,Magma Breath,spell,incantation,incantation,UPDATED
MENU_KNOWLEDGE_06205,Magma Shot,spell,sorcery,sorcery,UPDATED
MENU_KNOWLEDGE_06070,Meteorite,spell,sorcery,sorcery,UPDATED
MENU_KNOWLEDGE_06042,Meteorite of Astel,spell,sorcery,sorcery,UPDATED
MENU_KNOWLEDGE_06038,Night Comet,spell,sorcery,sorcery,UPDATED
MENU_KNOWLEDGE_06253,Night Maiden_s Mist,spell,sorcery,sorcery,UPDATED
MENU_KNOWLEDGE_06037,Night Shard,spell,sorcery,sorcery,UPDATED
MENU_KNOWLEDGE_06055,Noble Presence,spell,incantation,incantation,UPDATED
MENU_KNOWLEDGE_06201,"O, Flame!",spell,incantation,incantation,UPDATED
MENU_KNOWLEDGE_06607,Oracle Bubbles,spell,sorcery,sorcery,UPDATED
MENU_KNOWLEDGE_06068,Order Healing,spell,incantation,incantation,UPDATED
MENU_KNOWLEDGE_06067,Order_s Blade,spell,incantation,incantation,UPDATED
MENU_KNOWLEDGE_06609,Pest Threads,spell,incantation,incantation,UPDATED
MENU_KNOWLEDGE_06089,Placidusax_s Ruin,spell,incantation,incantation,UPDATED
MENU_KNOWLEDGE_06612,Poison Armament,spell,incantation,incantation,UPDATED
MENU_KNOWLEDGE_06610,Poison Mist,spell,incantation,incantation,UPDATED
MENU_KNOWLEDGE_06255,Protection of the Erdtree,spell,incantation,incantation,UPDATED
MENU_KNOWLEDGE_06062,Radagon_s Rings of Light,spell,incantation,incantation,UPDATED
MENU_KNOWLEDGE_06048,Rancorcall,spell,sorcery,sorcery,UPDATED
MENU_KNOWLEDGE_06025,Ranni_s Dark Moon,spell,sorcery,sorcery,UPDATED
MENU_KNOWLEDGE_06250,Rejection,spell,incantation,incantation,UPDATED
MENU_KNOWLEDGE_06007,Rennala_s Full Moon,spell,sorcery,sorcery,UPDATED
MENU_KNOWLEDGE_06019,Rock Blaster,spell,sorcery,sorcery,UPDATED
MENU_KNOWLEDGE_06071,Rock Sling,spell,sorcery,sorcery,UPDATED
MENU_KNOWLEDGE_06213,Roiling Magma,spell,sorcery,sorcery,UPDATED
MENU_KNOWLEDGE_06085,Rotten Breath,spell,incantation,incantation,UPDATED
MENU_KNOWLEDGE_06045,Rykard_s Rancor,spell,other,other,UNCHANGED
MENU_KNOWLEDGE_06713,Scarlet Aeonia,spell,other,other,UNCHANGED
MENU_KNOWLEDGE_06100,Scholar_s Armament,spell,sorcery,sorcery,UPDATED
MENU_KNOWLEDGE_06101,Scholar_s Shield,spell,sorcery,sorcery,UPDATED
MENU_KNOWLEDGE_06210,Scouring Black Flame,spell,incantation,incantation,UPDATED
MENU_KNOWLEDGE_06313,Shadow Bait,spell,incantation,incantation,UPDATED
MENU_KNOWLEDGE_06004,Shard Spiral,spell,sorcery,sorcery,UPDATED
MENU_KNOWLEDGE_06018,Shatter Earth,spell,sorcery,sorcery,UPDATED
MENU_KNOWLEDGE_06033,Shattering Crystal,spell,sorcery,sorcery,UPDATED
MENU_KNOWLEDGE_06088,Smarag_s Glintstone Breath,spell,incantation,incantation,UPDATED
MENU_KNOWLEDGE_06016,Star Shower,spell,sorcery,sorcery,UPDATED
MENU_KNOWLEDGE_06102,Starlight,spell,sorcery,sorcery,UPDATED
MENU_KNOWLEDGE_06022,Stars of Ruin,spell,sorcery,sorcery,UPDATED
MENU_KNOWLEDGE_06401,Stone of Gurranq,spell,incantation,incantation,UPDATED
MENU_KNOWLEDGE_06208,"Surge, O Flame!",spell,incantation,incantation,UPDATED
MENU_KNOWLEDGE_06611,Swarm of Flies,spell,incantation,incantation,UPDATED
MENU_KNOWLEDGE_06001,Swift Glintstone Shard,spell,sorcery,sorcery,UPDATED
MENU_KNOWLEDGE_06103,Terra Magica,spell,other,other,UNCHANGED
MENU_KNOWLEDGE_06095,The Flame of Frenzy,spell,incantation,incantation,UPDATED
MENU_KNOWLEDGE_06105,Theodorix_s Magma,spell,incantation,incantation,UPDATED
MENU_KNOWLEDGE_06039,Thops_s Barrier,spell,incantation,incantation,UPDATED
MENU_KNOWLEDGE_06099,Tibia_s Summons,spell,sorcery,sorcery,UPDATED
MENU_KNOWLEDGE_06061,Triple Rings of Light,spell,incantation,incantation,UPDATED
MENU_KNOWLEDGE_06096,Unendurable Frenzy,spell,incantation,incantation,UPDATED
MENU_KNOWLEDGE_06702,Unseen Blade,spell,sorcery,sorcery,UPDATED
MENU_KNOWLEDGE_06704,Unseen Form,spell,sorcery,sorcery,UPDATED
MENU_KNOWLEDGE_06300,Urgent Heal,spell,incantation,incantation,UPDATED
MENU_KNOWLEDGE_06078,Vyke_s Dragonbolt,spell,incantation,incantation,UPDATED
MENU_KNOWLEDGE_06209,"Whirl, O Flame!",spell,incantation,incantation,UPDATED
MENU_KNOWLEDGE_06251,Wrath of Gold,spell,incantation,incantation,UPDATED
MENU_KNOWLEDGE_06029,Zamor Ice Storm,spell,other,other,UNCHANGED
MENU_KNOWLEDGE_10365,Abundance and Decay Twinblade,weapon,sword,sword,UPDATED
MENU_KNOWLEDGE_11212,Academy Glintstone Staff,weapon,staff,staff,UPDATED
MENU_KNOWLEDGE_11041,Albinauric Bow,weapon,bow,bow,UPDATED
MENU_KNOWLEDGE_11210,Albinauric Staff,weapon,staff,staff,UPDATED
MENU_KNOWLEDGE_11125,Arbalest,weapon,bow,bow,UPDATED
MENU_KNOWLEDGE_11206,Astrologer_s Staff,weapon,staff,staff,UPDATED
MENU_KNOWLEDGE_10885,Axe of Godfrey,weapon,axe,axe,UPDATED
MENU_KNOWLEDGE_11214,Azur_s Glintstone Staff,weapon,staff,staff,UPDATED
MENU_KNOWLEDGE_10683,Banished Knight_s Halberd,weapon,polearm,polearm,UPDATED
MENU_KNOWLEDGE_10483,Bastard_s Stars,weapon,other,other,UNCHANGED
MENU_KNOWLEDGE_10520,Battle Axe,weapon,axe,axe,UPDATED
MENU_KNOWLEDGE_10442,Battle Hammer,weapon,hammer,hammer,UPDATED
MENU_KNOWLEDGE_10447,Beastclaw Greathammer,weapon,hammer,hammer,UPDATED
MENU_KNOWLEDGE_11047,Black Bow,weapon,bow,bow,UPDATED
MENU_KNOWLEDGE_10842,Bloodhound Claws,weapon,fist,fist,UPDATED
MENU_KNOWLEDGE_10451,Brick Hammer,weapon,hammer,hammer,UPDATED
MENU_KNOWLEDGE_10572,Butchering Knife,weapon,dagger,dagger,UPDATED
MENU_KNOWLEDGE_11208,Carian Glintblade Staff,weapon,staff,staff,UPDATED
MENU_KNOWLEDGE_11211,Carian Glintstone Staff,weapon,staff,staff,UPDATED
MENU_KNOWLEDGE_11204,Carian Regal Scepter,weapon,other,other,UNCHANGED
MENU_KNOWLEDGE_10526,Celebrant_s Cleaver,weapon,other,other,UNCHANGED
MENU_KNOWLEDGE_10606,Celebrant_s Rib-Rake,weapon,other,other,UNCHANGED
MENU_KNOWLEDGE_10445,Celebrant_s Skull,weapon,other,other,UNCHANGED
MENU_KNOWLEDGE_10484,Chainlink Flail,weapon,polearm,polearm,UPDATED
MENU_KNOWLEDGE_10812,Cipher Pita,weapon,other,other,UNCHANGED
MENU_KNOWLEDGE_11244,Clawmark Seal,weapon,fist,fist,UPDATED
MENU_KNOWLEDGE_10603,Clayman_s Harpoon,weapon,sword,sword,UPDATED
MENU_KNOWLEDGE_10604,Cleanrot Spear,weapon,polearm,polearm,UPDATED
MENU_KNOWLEDGE_10810,Clinging Bone,weapon,fist,fist,UPDATED
MENU_KNOWLEDGE_11005,Composite Bow,weapon,bow,bow,UPDATED
MENU_KNOWLEDGE_10286,Copy of Beastman_s Cleaver,weapon,other,other,UNCHANGED
MENU_KNOWLEDGE_10097,Copy of Golden Order Greatsword,weapon,sword,sword,UPDATED
MENU_KNOWLEDGE_10449,Cranial Vessel Candlestand,weapon,other,other,UNCHANGED
MENU_KNOWLEDGE_11128,Crepus_s Black-Key Crossbow,weapon,bow,bow,UPDATED
MENU_KNOWLEDGE_10563,Crescent Moon Axe,weapon,axe,axe,UPDATED
MENU_KNOWLEDGE_10611,Cross-Naginata,weapon,polearm,polearm,UPDATED
MENU_KNOWLEDGE_10602,Crystal Spear,weapon,polearm,polearm,UPDATED
MENU_KNOWLEDGE_10444,Curved Great Club,weapon,hammer,hammer,UPDATED
MENU_KNOWLEDGE_10612,Death Ritual Spear,weapon,polearm,polearm,UPDATED
MENU_KNOWLEDGE_11203,Demi-Human Queen_s Staff,weapon,staff,staff,UPDATED
MENU_KNOWLEDGE_11205,Digger_s Staff,weapon,staff,staff,UPDATED
MENU_KNOWLEDGE_11248,Dragon Communion Seal,weapon,other,other,UNCHANGED
MENU_KNOWLEDGE_10886,Dragon Greatclaw,weapon,fist,fist,UPDATED
MENU_KNOWLEDGE_10694,Dragon Halberd,weapon,polearm,polearm,UPDATED
MENU_KNOWLEDGE_10884,Duelist Greataxe,weapon,axe,axe,UPDATED
MENU_KNOWLEDGE_10883,Envoy_s Greathorn,weapon,other,other,UNCHANGED
MENU_KNOWLEDGE_10409,Envoy_s Horn,weapon,other,other,UNCHANGED
MENU_KNOWLEDGE_10448,Envoy_s Long Horn,weapon,other,other,UNCHANGED
MENU_KNOWLEDGE_11043,Erdtree Bow,weapon,bow,bow,UPDATED
MENU_KNOWLEDGE_11083,Erdtree Greatbow,weapon,bow,bow,UPDATED
MENU_KNOWLEDGE_11246,Erdtree Seal,weapon,other,other,UNCHANGED
MENU_KNOWLEDGE_10568,Executioner_s Greataxe,weapon,axe,axe,UPDATED
MENU_KNOWLEDGE_10888,Fallingstar Beast Jaw,weapon,other,other,UNCHANGED
MENU_KNOWLEDGE_11240,Finger Seal,weapon,other,other,UNCHANGED
MENU_KNOWLEDGE_11249,Frenzied Flame Seal,weapon,other,other,UNCHANGED
MENU_KNOWLEDGE_11124,Full Moon Crossbow,weapon,bow,bow,UPDATED
MENU_KNOWLEDGE_10573,Gargoyle_s Black Axe,weapon,axe,axe,UPDATED
MENU_KNOWLEDGE_10696,Gargoyle_s Black Halberd,weapon,polearm,polearm,UPDATED
MENU_KNOWLEDGE_10574,Gargoyle_s Great Axe,weapon,axe,axe,UPDATED
MENU_KNOWLEDGE_10695,Gargoyle_s Halberd,weapon,polearm,polearm,UPDATED
MENU_KNOWLEDGE_11202,Gelmir Glintstone Staff,weapon,staff,staff,UPDATED
MENU_KNOWLEDGE_10890,Ghiza_s Wheel,weapon,sword,sword,UPDATED
MENU_KNOWLEDGE_11242,Giant_s Seal,weapon,other,other,UNCHANGED
MENU_KNOWLEDGE_10689,Glaive,weapon,polearm,polearm,UPDATED
MENU_KNOWLEDGE_11241,Godslayer_s Seal,weapon,other,other,UNCHANGED
MENU_KNOWLEDGE_11247,Golden Order Seal,weapon,other,other,UNCHANGED
MENU_KNOWLEDGE_11081,Golem Greatbow,weapon,bow,bow,UPDATED
MENU_KNOWLEDGE_10892,Golem_s Halberd,weapon,polearm,polearm,UPDATED
MENU_KNOWLEDGE_10721,Grave Scythe,weapon,sword,sword,UPDATED
MENU_KNOWLEDGE_11243,Gravel Stone Seal,weapon,other,other,UNCHANGED
MENU_KNOWLEDGE_10882,Great Club,weapon,hammer,hammer,UPDATED
MENU_KNOWLEDGE_10443,Great Mace,weapon,hammer,hammer,UPDATED
MENU_KNOWLEDGE_10560,Greataxe,weapon,axe,axe,UPDATED
MENU_KNOWLEDGE_11084,Greatbow,weapon,bow,bow,UPDATED
MENU_KNOWLEDGE_10441,Greathorn Hammer,weapon,hammer,hammer,UPDATED
MENU_KNOWLEDGE_10691,Guardian_s Swordspear,weapon,polearm,polearm,UPDATED
MENU_KNOWLEDGE_10680,Halberd,weapon,axe,axe,UPDATED
MENU_KNOWLEDGE_10722,Halo Scythe,weapon,sword,sword,UPDATED
MENU_KNOWLEDGE_10407,Hammer,weapon,hammer,hammer,UPDATED
MENU_KNOWLEDGE_10522,Hand Axe,weapon,axe,axe,UPDATED
MENU_KNOWLEDGE_11160,Hand Ballista,weapon,other,other,UNCHANGED
MENU_KNOWLEDGE_11003,Harp Bow,weapon,bow,bow,UPDATED
MENU_KNOWLEDGE_11122,Heavy Crossbow,weapon,bow,bow,UPDATED
MENU_KNOWLEDGE_10529,Highland Axe,weapon,axe,axe,UPDATED
MENU_KNOWLEDGE_10840,Hookclaws,weapon,sword,sword,UPDATED
MENU_KNOWLEDGE_11042,Horn Bow,weapon,bow,bow,UPDATED
MENU_KNOWLEDGE_10765,Hoslow_s Petal Whip,weapon,whip,whip,UPDATED
MENU_KNOWLEDGE_10527,Icerind Hatchet,weapon,sword,sword,UPDATED
MENU_KNOWLEDGE_10613,Inquisitor_s Girandole,weapon,polearm,polearm,UPDATED
MENU_KNOWLEDGE_10807,Iron Ball,weapon,other,other,UNCHANGED
MENU_KNOWLEDGE_10524,Iron Cleaver,weapon,other,other,UNCHANGED
MENU_KNOWLEDGE_10615,Iron Spear,weapon,polearm,polearm,UPDATED
MENU_KNOWLEDGE_11161,Jar Cannon,weapon,other,other,UNCHANGED
MENU_KNOWLEDGE_10523,Jawbone Axe,weapon,axe,axe,UPDATED
MENU_KNOWLEDGE_10809,Katar,weapon,dagger,dagger,UPDATED
MENU_KNOWLEDGE_10646,Lance,weapon,polearm,polearm,UPDATED
MENU_KNOWLEDGE_10440,Large Club,weapon,hammer,hammer,UPDATED
MENU_KNOWLEDGE_11121,Light Crossbow,weapon,bow,bow,UPDATED
MENU_KNOWLEDGE_11080,Lion Greatbow,weapon,bow,bow,UPDATED
MENU_KNOWLEDGE_11040,Longbow,weapon,bow,bow,UPDATED
MENU_KNOWLEDGE_10565,Longhaft Axe,weapon,axe,axe,UPDATED
MENU_KNOWLEDGE_10690,Loretta_s War Sickle,weapon,other,other,UNCHANGED
MENU_KNOWLEDGE_10682,Lucerne,weapon,polearm,polearm,UPDATED
MENU_KNOWLEDGE_11215,Lusat_s Glintstone Staff,weapon,staff,staff,UPDATED
MENU_KNOWLEDGE_10400,Mace,weapon,hammer,hammer,UPDATED
MENU_KNOWLEDGE_10763,Magma Whip Candlestick,weapon,whip,whip,UPDATED
MENU_KNOWLEDGE_10414,Marika_s Hammer,weapon,hammer,hammer,UPDATED
MENU_KNOWLEDGE_11216,Meteorite Staff,weapon,staff,staff,UPDATED
MENU_KNOWLEDGE_11001,Misbegotten Shortbow,weapon,bow,bow,UPDATED
MENU_KNOWLEDGE_10641,Mohgwyn_s Sacred Spear,weapon,polearm,polearm,UPDATED
MENU_KNOWLEDGE_10408,Monk_s Flamemace,weapon,hammer,hammer,UPDATED
MENU_KNOWLEDGE_10404,Morning Star,weapon,hammer,hammer,UPDATED
MENU_KNOWLEDGE_10480,Nightrider Flail,weapon,polearm,polearm,UPDATED
MENU_KNOWLEDGE_10685,Nightrider Glaive,weapon,polearm,polearm,UPDATED
MENU_KNOWLEDGE_10411,Nox Flowing Hammer,weapon,hammer,hammer,UPDATED
MENU_KNOWLEDGE_10605,Partisan,weapon,polearm,polearm,UPDATED
MENU_KNOWLEDGE_10446,Pickaxe,weapon,axe,axe,UPDATED
MENU_KNOWLEDGE_10607,Pike,weapon,polearm,polearm,UPDATED
MENU_KNOWLEDGE_10880,Prelate_s Inferno Crozier,weapon,hammer,hammer,UPDATED
MENU_KNOWLEDGE_11209,Prince of Death_s Staff,weapon,staff,staff,UPDATED
MENU_KNOWLEDGE_11046,Pulley Bow,weapon,bow,bow,UPDATED
MENU_KNOWLEDGE_11123,Pulley Crossbow,weapon,bow,bow,UPDATED
MENU_KNOWLEDGE_10843,Raptor Talons,weapon,sword,sword,UPDATED
MENU_KNOWLEDGE_11002,Red Branch Shortbow,weapon,bow,bow,UPDATED
MENU_KNOWLEDGE_10686,Ripple Crescent Halberd,weapon,polearm,polearm,UPDATED
MENU_KNOWLEDGE_10453,Rotten Battle Hammer,weapon,hammer,hammer,UPDATED
MENU_KNOWLEDGE_10616,Rotten Crystal Spear,weapon,polearm,polearm,UPDATED
MENU_KNOWLEDGE_11218,Rotten Crystal Staff,weapon,staff,staff,UPDATED
MENU_KNOWLEDGE_10895,Rotten Greataxe,weapon,axe,axe,UPDATED
MENU_KNOWLEDGE_10894,Rotten Staff,weapon,staff,staff,UPDATED
MENU_KNOWLEDGE_10410,Scepter of the All-Knowing,weapon,other,other,UNCHANGED
MENU_KNOWLEDGE_10720,Scythe,weapon,sword,sword,UPDATED
MENU_KNOWLEDGE_11044,Serpent Bow,weapon,bow,bow,UPDATED
MENU_KNOWLEDGE_10600,Short Spear,weapon,polearm,polearm,UPDATED
MENU_KNOWLEDGE_11000,Shortbow,weapon,bow,bow,UPDATED
MENU_KNOWLEDGE_11120,Soldier_s Crossbow,weapon,bow,bow,UPDATED
MENU_KNOWLEDGE_10601,Spear,weapon,polearm,polearm,UPDATED
MENU_KNOWLEDGE_10406,Spiked Club,weapon,hammer,hammer,UPDATED
MENU_KNOWLEDGE_10614,Spiked Spear,weapon,polearm,polearm,UPDATED
MENU_KNOWLEDGE_11219,Staff of Loss,weapon,staff,staff,UPDATED
MENU_KNOWLEDGE_10887,Staff of the Avatar,weapon,staff,staff,UPDATED
MENU_KNOWLEDGE_11217,Staff of the Guilty,weapon,staff,staff,UPDATED
MENU_KNOWLEDGE_10808,Star Fist,weapon,polearm,polearm,UPDATED
MENU_KNOWLEDGE_10413,Stone Club,weapon,hammer,hammer,UPDATED
MENU_KNOWLEDGE_10533,Stormhawk Axe,weapon,axe,axe,UPDATED
MENU_KNOWLEDGE_12045,Sun Realm Shield,weapon,other,other,UNCHANGED
MENU_KNOWLEDGE_10762,Thorned Whip,weapon,whip,whip,UPDATED
MENU_KNOWLEDGE_10608,Torchpole,weapon,other,other,UNCHANGED
MENU_KNOWLEDGE_10647,Treespear,weapon,polearm,polearm,UPDATED
MENU_KNOWLEDGE_10123,Troll_s Golden Sword,weapon,sword,sword,UPDATED
MENU_KNOWLEDGE_10893,Troll_s Hammer,weapon,hammer,hammer,UPDATED
MENU_KNOWLEDGE_10405,Varr_s Bouquet,weapon,hammer,hammer,UPDATED
MENU_KNOWLEDGE_10841,Venomous Fang,weapon,other,other,UNCHANGED
MENU_KNOWLEDGE_10687,Vulgar Militia Saw,weapon,sword,sword,UPDATED
MENU_KNOWLEDGE_10693,Vulgar Militia Shotel,weapon,sword,sword,UPDATED
MENU_KNOWLEDGE_10645,Vyke_s War Spear,weapon,polearm,polearm,UPDATED
MENU_KNOWLEDGE_10881,Watchdog_s Staff,weapon,staff,staff,UPDATED
MENU_KNOWLEDGE_10760,Whip,weapon,whip,whip,UPDATED
MENU_KNOWLEDGE_10571,Winged Greathorn,weapon,other,other,UNCHANGED
MENU_KNOWLEDGE_10726,Winged Scythe,weapon,other,other,UNCHANGED
MENU_KNOWLEDGE_10124,Zweihander,weapon,sword,sword,UPDATED
MENU_KNOWLEDGE_13092,Alberich_s Bracers,armour,other,other,UNCHANGED
MENU_KNOWLEDGE_13100,Alberich_s Pointed Hat (Altered),armour,cloth,cloth,UPDATED
MENU_KNOWLEDGE_13090,Alberich_s Pointed Hat,armour,cloth,cloth,UPDATED
MENU_KNOWLEDGE_13101,Alberich_s Robe (Altered),armour,cloth,cloth,UPDATED
MENU_KNOWLEDGE_13091,Alberich_s Robe,armour,cloth,cloth,UPDATED
MENU_KNOWLEDGE_13093,Alberich_s Trousers,armour,other,other,UNCHANGED
MENU_KNOWLEDGE_14800,Albinauric Mask,armour,leather,leather,UPDATED
MENU_KNOWLEDGE_13871,All-Knowing Armor (Altered),armour,plate,plate,UPDATED
MENU_KNOWLEDGE_13861,All-Knowing Armor,armour,plate,plate,UPDATED
MENU_KNOWLEDGE_13862,All-Knowing Gauntlets,armour,plate,plate,UPDATED
MENU_KNOWLEDGE_13863,All-Knowing Greaves,armour,plate,plate,UPDATED
MENU_KNOWLEDGE_13860,All-Knowing Helm,armour,plate,plate,UPDATED
MENU_KNOWLEDGE_13543,Aristocrat Boots,armour,cloth,cloth,UPDATED
MENU_KNOWLEDGE_13561,Aristocrat Coat,armour,plate,plate,UPDATED
MENU_KNOWLEDGE_13551,Aristocrat Garb (Altered),armour,other,other,UNCHANGED
MENU_KNOWLEDGE_13541,Aristocrat Garb,armour,cloth,cloth,UPDATED
MENU_KNOWLEDGE_13560,Aristocrat Hat,armour,plate,plate,UPDATED
MENU_KNOWLEDGE_13540,Aristocrat Headband,armour,cloth,cloth,UPDATED
MENU_KNOWLEDGE_15280,Ash-of-War Scarab,armour,other,other,UNCHANGED
MENU_KNOWLEDGE_13952,Astrologer Gloves,armour,cloth,cloth,UPDATED
MENU_KNOWLEDGE_13950,Astrologer Hood,armour,cloth,cloth,UPDATED
MENU_KNOWLEDGE_13961,Astrologer Robe (Altered),armour,cloth,cloth,UPDATED
MENU_KNOWLEDGE_13951,Astrologer Robe,armour,cloth,cloth,UPDATED
MENU_KNOWLEDGE_13953,Astrologer Trousers,armour,cloth,cloth,UPDATED
MENU_KNOWLEDGE_13850,Azur_s Glintstone Crown,armour,cloth,cloth,UPDATED
MENU_KNOWLEDGE_13851,Azur_s Glintstone Robe,armour,cloth,cloth,UPDATED
MENU_KNOWLEDGE_13852,Azur_s Manchettes,armour,other,other,UNCHANGED
MENU_KNOWLEDGE_14533,Bandit Boots,armour,leather,leather,UPDATED
MENU_KNOWLEDGE_14541,Bandit Garb,armour,leather,leather,UPDATED
MENU_KNOWLEDGE_14532,Bandit Manchettes,armour,cloth,cloth,UPDATED
MENU_KNOWLEDGE_14980,Bandit Mask,armour,cloth,cloth,UPDATED
MENU_KNOWLEDGE_13231,Banished Knight Armor (Altered),armour,plate,plate,UPDATED
MENU_KNOWLEDGE_13221,Banished Knight Armor,armour,plate,plate,UPDATED
MENU_KNOWLEDGE_13222,Banished Knight Gauntlets,armour,plate,plate,UPDATED
MENU_KNOWLEDGE_13223,Banished Knight Greaves,armour,plate,plate,UPDATED
MENU_KNOWLEDGE_13230,Banished Knight Helm (Altered),armour,plate,plate,UPDATED
MENU_KNOWLEDGE_13220,Banished Knight Helm,armour,plate,plate,UPDATED
MENU_KNOWLEDGE_14683,Battlemage Legwraps,armour,other,other,UNCHANGED
MENU_KNOWLEDGE_14682,Battlemage Manchettes,armour,other,other,UNCHANGED
MENU_KNOWLEDGE_14681,Battlemage Robe,armour,cloth,cloth,UPDATED
MENU_KNOWLEDGE_14111,Beast Champion Armor (Altered),armour,plate,plate,UPDATED
MENU_KNOWLEDGE_14101,Beast Champion Armor,armour,plate,plate,UPDATED
MENU_KNOWLEDGE_14102,Beast Champion Gauntlets,armour,plate,plate,UPDATED
MENU_KNOWLEDGE_14103,Beast Champion Greaves,armour,plate,plate,UPDATED
MENU_KNOWLEDGE_14100,Beast Champion Helm,armour,plate,plate,UPDATED
MENU_KNOWLEDGE_15440,Black Dumpling,armour,other,other,UNCHANGED
MENU_KNOWLEDGE_14970,Black Hood,armour,cloth,cloth,UPDATED
MENU_KNOWLEDGE_13201,Black Knife Armor (Altered),armour,plate,plate,UPDATED
MENU_KNOWLEDGE_13191,Black Knife Armor,armour,plate,plate,UPDATED
MENU_KNOWLEDGE_13192,Black Knife Gauntlets,armour,plate,plate,UPDATED
MENU_KNOWLEDGE_13193,Black Knife Greaves,armour,plate,plate,UPDATED
MENU_KNOWLEDGE_13190,Black Knife Hood,armour,cloth,cloth,UPDATED
MENU_KNOWLEDGE_13170,Black Wolf Mask,armour,other,other,UNCHANGED
MENU_KNOWLEDGE_13511,Blackflame Monk Armor,armour,plate,plate,UPDATED
MENU_KNOWLEDGE_13512,Blackflame Monk Gauntlets,armour,plate,plate,UPDATED
MENU_KNOWLEDGE_13513,Blackflame Monk Greaves,armour,plate,plate,UPDATED
MENU_KNOWLEDGE_13510,Blackflame Monk Hood,armour,plate,plate,UPDATED
MENU_KNOWLEDGE_14450,Blackguard_s Iron Mask,armour,plate,plate,UPDATED
MENU_KNOWLEDGE_13181,Blaidd_s Armor (Altered),armour,plate,plate,UPDATED
MENU_KNOWLEDGE_13171,Blaidd_s Armor,armour,plate,plate,UPDATED
MENU_KNOWLEDGE_13172,Blaidd_s Gauntlets,armour,plate,plate,UPDATED
MENU_KNOWLEDGE_13173,Blaidd_s Greaves,armour,plate,plate,UPDATED
MENU_KNOWLEDGE_14221,Bloodhound Knight Armor (Altered),armour,plate,plate,UPDATED
MENU_KNOWLEDGE_14211,Bloodhound Knight Armor,armour,plate,plate,UPDATED
MENU_KNOWLEDGE_14212,Bloodhound Knight Gauntlets,armour,plate,plate,UPDATED
MENU_KNOWLEDGE_14213,Bloodhound Knight Greaves,armour,plate,plate,UPDATED
MENU_KNOWLEDGE_14210,Bloodhound Knight Helm,armour,plate,plate,UPDATED
MENU_KNOWLEDGE_14613,Bloodsoaked Manchettes,armour,other,other,UNCHANGED
MENU_KNOWLEDGE_14620,Bloodsoaked Mask,armour,other,other,UNCHANGED
MENU_KNOWLEDGE_15251,Bloodsoaked Tabard,armour,plate,plate,UPDATED
MENU_KNOWLEDGE_14030,Blue Cloth Cowl,armour,cloth,cloth,UPDATED
MENU_KNOWLEDGE_14031,Blue Cloth Vest,armour,cloth,cloth,UPDATED
MENU_KNOWLEDGE_14251,Blue Festive Garb,armour,other,other,UNCHANGED
MENU_KNOWLEDGE_14250,Blue Festive Hood,armour,cloth,cloth,UPDATED
MENU_KNOWLEDGE_13302,Blue Silver Bracelets,armour,other,other,UNCHANGED
MENU_KNOWLEDGE_13311,Blue Silver Mail Armor (Altered),armour,plate,plate,UPDATED
MENU_KNOWLEDGE_13301,Blue Silver Mail Armor,armour,plate,plate,UPDATED
MENU_KNOWLEDGE_13300,Blue Silver Mail Hood,armour,plate,plate,UPDATED
MENU_KNOWLEDGE_13303,Blue Silver Mail Skirt,armour,plate,plate,UPDATED
MENU_KNOWLEDGE_13251,Briar Armor (Altered),armour,plate,plate,UPDATED
MENU_KNOWLEDGE_13241,Briar Armor,armour,plate,plate,UPDATED
MENU_KNOWLEDGE_13242,Briar Gauntlets,armour,plate,plate,UPDATED
MENU_KNOWLEDGE_13243,Briar Greaves,armour,plate,plate,UPDATED
MENU_KNOWLEDGE_13240,Briar Helm,armour,plate,plate,UPDATED
MENU_KNOWLEDGE_13131,Bull-Goat Armor,armour,plate,plate,UPDATED
MENU_KNOWLEDGE_13132,Bull-Goat Gauntlets,armour,plate,plate,UPDATED
MENU_KNOWLEDGE_13133,Bull-Goat Greaves,armour,plate,plate,UPDATED
MENU_KNOWLEDGE_13130,Bull-Goat Helm,armour,plate,plate,UPDATED
MENU_KNOWLEDGE_14651,Carian Knight Armor (Altered),armour,plate,plate,UPDATED
MENU_KNOWLEDGE_14641,Carian Knight Armor,armour,plate,plate,UPDATED
MENU_KNOWLEDGE_14642,Carian Knight Gauntlets,armour,plate,plate,UPDATED
MENU_KNOWLEDGE_14643,Carian Knight Greaves,armour,plate,plate,UPDATED
MENU_KNOWLEDGE_14640,Carian Knight Helm,armour,plate,plate,UPDATED
MENU_KNOWLEDGE_15320,Cerulean Tear Scarab,armour,other,other,UNCHANGED
MENU_KNOWLEDGE_14891,Chain Armor,armour,plate,plate,UPDATED
MENU_KNOWLEDGE_14896,Chain Armor,armour,plate,plate,UPDATED
MENU_KNOWLEDGE_14890,Chain Coif,armour,plate,plate,UPDATED
MENU_KNOWLEDGE_14895,Chain Coif,armour,plate,plate,UPDATED
MENU_KNOWLEDGE_14892,Chain Gauntlets,armour,plate,plate,UPDATED
MENU_KNOWLEDGE_14897,Chain Gauntlets,armour,plate,plate,UPDATED
MENU_KNOWLEDGE_14893,Chain Leggings,armour,plate,plate,UPDATED
MENU_KNOWLEDGE_15211,Chain-Draped Tabard,armour,plate,plate,UPDATED
MENU_KNOWLEDGE_14122,Champion Bracers,armour,cloth,cloth,UPDATED
MENU_KNOWLEDGE_14123,Champion Gaiters,armour,leather,leather,UPDATED
MENU_KNOWLEDGE_14120,Champion Headband,armour,cloth,cloth,UPDATED
MENU_KNOWLEDGE_14121,Champion Pauldron,armour,cloth,cloth,UPDATED
MENU_KNOWLEDGE_13491,Cleanrot Armor (Altered),armour,plate,plate,UPDATED
MENU_KNOWLEDGE_13481,Cleanrot Armor,armour,plate,plate,UPDATED
MENU_KNOWLEDGE_13482,Cleanrot Gauntlets,armour,plate,plate,UPDATED
MENU_KNOWLEDGE_13483,Cleanrot Greaves,armour,plate,plate,UPDATED
MENU_KNOWLEDGE_13490,Cleanrot Helm (Altered),armour,plate,plate,UPDATED
MENU_KNOWLEDGE_13480,Cleanrot Helm,armour,plate,plate,UPDATED
MENU_KNOWLEDGE_13161,Cloth Garb,armour,cloth,cloth,UPDATED
MENU_KNOWLEDGE_13163,Cloth Trousers,armour,cloth,cloth,UPDATED
MENU_KNOWLEDGE_142711,Commoner_s Garb (Altered),armour,cloth,cloth,UPDATED
MENU_KNOWLEDGE_14271,Commoner_s Garb (Altered),armour,other,other,UNCHANGED
MENU_KNOWLEDGE_14261,Commoner_s Garb,armour,cloth,cloth,UPDATED
MENU_KNOWLEDGE_142701,Commoner_s Headband (Altered),armour,cloth,cloth,UPDATED
MENU_KNOWLEDGE_14270,Commoner_s Headband (Altered),armour,other,other,UNCHANGED
MENU_KNOWLEDGE_14260,Commoner_s Headband,armour,cloth,cloth,UPDATED
MENU_KNOWLEDGE_14263,Commoner_s Shoes,armour,cloth,cloth,UPDATED
MENU_KNOWLEDGE_142911,Commoner_s Simple Garb (Altered),armour,cloth,cloth,UPDATED
MENU_KNOWLEDGE_14291,Commoner_s Simple Garb (Altered),armour,other,other,UNCHANGED
MENU_KNOWLEDGE_14281,Commoner_s Simple Garb,armour,cloth,cloth,UPDATED
MENU_KNOWLEDGE_14431,Confessor Armor (Altered),armour,plate,plate,UPDATED
MENU_KNOWLEDGE_14421,Confessor Armor,armour,plate,plate,UPDATED
MENU_KNOWLEDGE_14423,Confessor Boots,armour,leather,leather,UPDATED
MENU_KNOWLEDGE_14422,Confessor Gloves,armour,leather,leather,UPDATED
MENU_KNOWLEDGE_144301,Confessor Hood (Altered),armour,cloth,cloth,UPDATED
MENU_KNOWLEDGE_14430,Confessor Hood (Altered),armour,cloth,cloth,UPDATED
MENU_KNOWLEDGE_14420,Confessor Hood,armour,cloth,cloth,UPDATED
MENU_KNOWLEDGE_14590,Consort_s Mask,armour,cloth,cloth,UPDATED
MENU_KNOWLEDGE_14591,Consort_s Robe,armour,cloth,cloth,UPDATED
MENU_KNOWLEDGE_14593,Consort_s Trousers,armour,cloth,cloth,UPDATED
MENU_KNOWLEDGE_15011,Copy of Tree-and-Beast Surcoat,armour,other,other,UNCHANGED
MENU_KNOWLEDGE_13921,Corhyn_s Robe,armour,plate,plate,UPDATED
MENU_KNOWLEDGE_14130,Crimson Hood,armour,cloth,cloth,UPDATED
MENU_KNOWLEDGE_15310,Crimson Tear Scarab,armour,other,other,UNCHANGED
MENU_KNOWLEDGE_13821,Crucible Axe Armor (Altered),armour,plate,plate,UPDATED
MENU_KNOWLEDGE_13801,Crucible Axe Armor,armour,plate,plate,UPDATED
MENU_KNOWLEDGE_13800,Crucible Axe Helm,armour,plate,plate,UPDATED
MENU_KNOWLEDGE_13802,Crucible Gauntlets,armour,plate,plate,UPDATED
MENU_KNOWLEDGE_13803,Crucible Greaves,armour,plate,plate,UPDATED
MENU_KNOWLEDGE_13831,Crucible Tree Armor (Altered),armour,plate,plate,UPDATED
MENU_KNOWLEDGE_13811,Crucible Tree Armor,armour,plate,plate,UPDATED
MENU_KNOWLEDGE_13810,Crucible Tree Helm,armour,plate,plate,UPDATED
MENU_KNOWLEDGE_15121,Cuckoo Knight Armor (Altered),armour,plate,plate,UPDATED
MENU_KNOWLEDGE_15111,Cuckoo Knight Armor,armour,plate,plate,UPDATED
MENU_KNOWLEDGE_15112,Cuckoo Knight Gauntlets,armour,plate,plate,UPDATED
MENU_KNOWLEDGE_15113,Cuckoo Knight Greaves,armour,plate,plate,UPDATED
MENU_KNOWLEDGE_15110,Cuckoo Knight Helm,armour,plate,plate,UPDATED
MENU_KNOWLEDGE_15021,Cuckoo Surcoat,armour,plate,plate,UPDATED
MENU_KNOWLEDGE_15331,Deathbed Dress,armour,cloth,cloth,UPDATED
MENU_KNOWLEDGE_15333,Deathbed Smalls,armour,other,other,UNCHANGED
MENU_KNOWLEDGE_13742,Depraved Perfumer Gloves,armour,cloth,cloth,UPDATED
MENU_KNOWLEDGE_13740,Depraved Perfumer Headscarf,armour,cloth,cloth,UPDATED
MENU_KNOWLEDGE_13751,Depraved Perfumer Robe (Altered),armour,cloth,cloth,UPDATED
MENU_KNOWLEDGE_13741,Depraved Perfumer Robe,armour,cloth,cloth,UPDATED
MENU_KNOWLEDGE_13743,Depraved Perfumer Trousers,armour,cloth,cloth,UPDATED
MENU_KNOWLEDGE_14000,Diallos_s Mask,armour,plate,plate,UPDATED
MENU_KNOWLEDGE_14801,Dirty Chainmail,armour,plate,plate,UPDATED
MENU_KNOWLEDGE_130311,Drake Knight Armor (Altered),armour,plate,plate,UPDATED
MENU_KNOWLEDGE_13031,Drake Knight Armor (Altered),armour,plate,plate,UPDATED
MENU_KNOWLEDGE_13021,Drake Knight Armor,armour,plate,plate,UPDATED
MENU_KNOWLEDGE_13022,Drake Knight Gauntlets,armour,plate,plate,UPDATED
MENU_KNOWLEDGE_13023,Drake Knight Greaves,armour,plate,plate,UPDATED
MENU_KNOWLEDGE_130301,Drake Knight Helm (Altered),armour,plate,plate,UPDATED
MENU_KNOWLEDGE_13030,Drake Knight Helm (Altered),armour,plate,plate,UPDATED
MENU_KNOWLEDGE_13020,Drake Knight Helm,armour,plate,plate,UPDATED
MENU_KNOWLEDGE_13433,Duelist Greaves,armour,plate,plate,UPDATED
MENU_KNOWLEDGE_13430,Duelist Helm,armour,plate,plate,UPDATED
MENU_KNOWLEDGE_14551,Eccentric_s Armor,armour,plate,plate,UPDATED
MENU_KNOWLEDGE_14553,Eccentric_s Breeches,armour,plate,plate,UPDATED
MENU_KNOWLEDGE_145601,Eccentric_s Hood (Altered),armour,cloth,cloth,UPDATED
MENU_KNOWLEDGE_14560,Eccentric_s Hood (Altered),armour,cloth,cloth,UPDATED
MENU_KNOWLEDGE_14550,Eccentric_s Hood,armour,plate,plate,UPDATED
MENU_KNOWLEDGE_14552,Eccentric_s Manchettes,armour,plate,plate,UPDATED
MENU_KNOWLEDGE_13661,Elden Lord Armor (Altered),armour,plate,plate,UPDATED
MENU_KNOWLEDGE_13651,Elden Lord Armor,armour,plate,plate,UPDATED
MENU_KNOWLEDGE_13652,Elden Lord Bracers,armour,cloth,cloth,UPDATED
MENU_KNOWLEDGE_13650,Elden Lord Crown,armour,cloth,cloth,UPDATED
MENU_KNOWLEDGE_13653,Elden Lord Greaves,armour,plate,plate,UPDATED
MENU_KNOWLEDGE_14300,Envoy Crown,armour,cloth,cloth,UPDATED
MENU_KNOWLEDGE_15031,Erdtree Surcoat,armour,plate,plate,UPDATED
MENU_KNOWLEDGE_14663,Errant Sorcerer Boots,armour,leather,leather,UPDATED
MENU_KNOWLEDGE_14662,Errant Sorcerer Manchettes,armour,leather,leather,UPDATED
MENU_KNOWLEDGE_14671,Errant Sorcerer Robe (Altered),armour,cloth,cloth,UPDATED
MENU_KNOWLEDGE_14661,Errant Sorcerer Robe,armour,plate,plate,UPDATED
MENU_KNOWLEDGE_13211,Exile Armor,armour,plate,plate,UPDATED
MENU_KNOWLEDGE_13212,Exile Gauntlets,armour,plate,plate,UPDATED
MENU_KNOWLEDGE_13213,Exile Greaves,armour,plate,plate,UPDATED
MENU_KNOWLEDGE_13210,Exile Hood,armour,cloth,cloth,UPDATED
MENU_KNOWLEDGE_14901,Eye Surcoat,armour,plate,plate,UPDATED
MENU_KNOWLEDGE_14791,Fell Omen Cloak,armour,cloth,cloth,UPDATED
MENU_KNOWLEDGE_14241,Festive Garb (Altered),armour,other,other,UNCHANGED
MENU_KNOWLEDGE_14231,Festive Garb,armour,other,other,UNCHANGED
MENU_KNOWLEDGE_142401,Festive Hood (Altered),armour,cloth,cloth,UPDATED
MENU_KNOWLEDGE_14240,Festive Hood (Altered),armour,cloth,cloth,UPDATED
MENU_KNOWLEDGE_14230,Festive Hood,armour,cloth,cloth,UPDATED
MENU_KNOWLEDGE_15340,Fia_s Hood,armour,cloth,cloth,UPDATED
MENU_KNOWLEDGE_153511,Fia_s Robe (Altered),armour,cloth,cloth,UPDATED
MENU_KNOWLEDGE_15351,Fia_s Robe (Altered),armour,cloth,cloth,UPDATED
MENU_KNOWLEDGE_15341,Fia_s Robe,armour,cloth,cloth,UPDATED
MENU_KNOWLEDGE_14480,Finger Maiden Fillet,armour,cloth,cloth,UPDATED
MENU_KNOWLEDGE_14491,Finger Maiden Robe (Altered),armour,cloth,cloth,UPDATED
MENU_KNOWLEDGE_14481,Finger Maiden Robe,armour,cloth,cloth,UPDATED
MENU_KNOWLEDGE_14482,Finger Maiden Shoes,armour,cloth,cloth,UPDATED
MENU_KNOWLEDGE_145811,Fingerprint Armor (Altered),armour,plate,plate,UPDATED
MENU_KNOWLEDGE_14581,Fingerprint Armor (Altered),armour,plate,plate,UPDATED
MENU_KNOWLEDGE_14571,Fingerprint Armor,armour,plate,plate,UPDATED
MENU_KNOWLEDGE_14572,Fingerprint Gauntlets,armour,plate,plate,UPDATED
MENU_KNOWLEDGE_14573,Fingerprint Greaves,armour,plate,plate,UPDATED
MENU_KNOWLEDGE_14570,Fingerprint Helm,armour,plate,plate,UPDATED
MENU_KNOWLEDGE_13501,Fire Monk Armor,armour,plate,plate,UPDATED
MENU_KNOWLEDGE_13502,Fire Monk Gauntlets,armour,plate,plate,UPDATED
MENU_KNOWLEDGE_13503,Fire Monk Greaves,armour,plate,plate,UPDATED
MENU_KNOWLEDGE_13500,Fire Monk Hood,armour,plate,plate,UPDATED
MENU_KNOWLEDGE_13531,Fire Prelate Armor (Altered),armour,plate,plate,UPDATED
MENU_KNOWLEDGE_13521,Fire Prelate Armor,armour,plate,plate,UPDATED
MENU_KNOWLEDGE_13522,Fire Prelate Gauntlets,armour,plate,plate,UPDATED
MENU_KNOWLEDGE_13523,Fire Prelate Greaves,armour,plate,plate,UPDATED
MENU_KNOWLEDGE_13520,Fire Prelate Helm,armour,plate,plate,UPDATED
MENU_KNOWLEDGE_15210,Foot Soldier Cap,armour,plate,plate,UPDATED
MENU_KNOWLEDGE_15212,Foot Soldier Gauntlets,armour,plate,plate,UPDATED
MENU_KNOWLEDGE_15213,Foot Soldier Greaves,armour,plate,plate,UPDATED
MENU_KNOWLEDGE_15240,Foot Soldier Helm,armour,plate,plate,UPDATED
MENU_KNOWLEDGE_15220,Foot Soldier Helmet,armour,plate,plate,UPDATED
MENU_KNOWLEDGE_15221,Foot Soldier Tabard,armour,plate,plate,UPDATED
MENU_KNOWLEDGE_13423,Fur Leggings,armour,leather,leather,UPDATED
MENU_KNOWLEDGE_13421,Fur Raiment,armour,leather,leather,UPDATED
MENU_KNOWLEDGE_15081,Gelmir Knight Armor (Altered),armour,plate,plate,UPDATED
MENU_KNOWLEDGE_15071,Gelmir Knight Armor,armour,plate,plate,UPDATED
MENU_KNOWLEDGE_15072,Gelmir Knight Gauntlets,armour,plate,plate,UPDATED
MENU_KNOWLEDGE_15073,Gelmir Knight Greaves,armour,plate,plate,UPDATED
MENU_KNOWLEDGE_15070,Gelmir Knight Helm,armour,plate,plate,UPDATED
MENU_KNOWLEDGE_15230,Gilded Foot Soldier Cap,armour,plate,plate,UPDATED
MENU_KNOWLEDGE_15300,Glintstone Scarab,armour,other,other,UNCHANGED
MENU_KNOWLEDGE_15101,Godrick Knight Armor (Altered),armour,plate,plate,UPDATED
MENU_KNOWLEDGE_15091,Godrick Knight Armor,armour,plate,plate,UPDATED
MENU_KNOWLEDGE_15092,Godrick Knight Gauntlets,armour,plate,plate,UPDATED
MENU_KNOWLEDGE_15093,Godrick Knight Greaves,armour,plate,plate,UPDATED
MENU_KNOWLEDGE_15090,Godrick Knight Helm,armour,plate,plate,UPDATED
MENU_KNOWLEDGE_15012,Godrick Soldier Gauntlets,armour,plate,plate,UPDATED
MENU_KNOWLEDGE_15013,Godrick Soldier Greaves,armour,plate,plate,UPDATED
MENU_KNOWLEDGE_15010,Godrick Soldier Helm,armour,plate,plate,UPDATED
MENU_KNOWLEDGE_13722,Godskin Apostle Bracelets,armour,other,other,UNCHANGED
MENU_KNOWLEDGE_13720,Godskin Apostle Hood,armour,cloth,cloth,UPDATED
MENU_KNOWLEDGE_13721,Godskin Apostle Robe,armour,cloth,cloth,UPDATED
MENU_KNOWLEDGE_13723,Godskin Apostle Trousers,armour,other,other,UNCHANGED
MENU_KNOWLEDGE_13732,Godskin Noble Bracelets,armour,other,other,UNCHANGED
MENU_KNOWLEDGE_13730,Godskin Noble Hood,armour,cloth,cloth,UPDATED
MENU_KNOWLEDGE_13731,Godskin Noble Robe,armour,cloth,cloth,UPDATED
MENU_KNOWLEDGE_13733,Godskin Noble Trousers,armour,other,other,UNCHANGED
MENU_KNOWLEDGE_14782,Gold Bracelets,armour,other,other,UNCHANGED
MENU_KNOWLEDGE_14783,Gold Waistwrap,armour,other,other,UNCHANGED
MENU_KNOWLEDGE_14781,Goldmask_s Rags,armour,cloth,cloth,UPDATED
MENU_KNOWLEDGE_134411,Gravekeeper Cloak (Altered),armour,other,other,UNCHANGED
MENU_KNOWLEDGE_13441,Gravekeeper Cloak (Altered),armour,other,other,UNCHANGED
MENU_KNOWLEDGE_13431,Gravekeeper Cloak,armour,cloth,cloth,UPDATED
MENU_KNOWLEDGE_13420,Great Horned Headband,armour,other,other,UNCHANGED
MENU_KNOWLEDGE_14900,Greathelm,armour,plate,plate,UPDATED
MENU_KNOWLEDGE_15000,Greathood,armour,cloth,cloth,UPDATED
MENU_KNOWLEDGE_13462,Guardian Bracers,armour,cloth,cloth,UPDATED
MENU_KNOWLEDGE_13461,Guardian Garb (Full Bloom),armour,cloth,cloth,UPDATED
MENU_KNOWLEDGE_13471,Guardian Garb,armour,cloth,cloth,UPDATED
MENU_KNOWLEDGE_13463,Guardian Greaves,armour,plate,plate,UPDATED
MENU_KNOWLEDGE_13460,Guardian Mask,armour,cloth,cloth,UPDATED
MENU_KNOWLEDGE_13160,Guilty Hood,armour,cloth,cloth,UPDATED
MENU_KNOWLEDGE_14680,Haima Glintstone Crown,armour,other,other,UNCHANGED
MENU_KNOWLEDGE_15061,Haligtree Crest Surcoat,armour,plate,plate,UPDATED
MENU_KNOWLEDGE_15062,Haligtree Gauntlets,armour,plate,plate,UPDATED
MENU_KNOWLEDGE_15063,Haligtree Greaves,armour,plate,plate,UPDATED
MENU_KNOWLEDGE_15060,Haligtree Helm,armour,plate,plate,UPDATED
MENU_KNOWLEDGE_15201,Haligtree Knight Armor (Altered),armour,plate,plate,UPDATED
MENU_KNOWLEDGE_15191,Haligtree Knight Armor,armour,plate,plate,UPDATED
MENU_KNOWLEDGE_15192,Haligtree Knight Gauntlets,armour,plate,plate,UPDATED
MENU_KNOWLEDGE_15193,Haligtree Knight Greaves,armour,plate,plate,UPDATED
MENU_KNOWLEDGE_15190,Haligtree Knight Helm,armour,plate,plate,UPDATED
MENU_KNOWLEDGE_14660,Hierodas Glintstone Crown,armour,other,other,UNCHANGED
MENU_KNOWLEDGE_15401,High Page Clothes (Altered),armour,cloth,cloth,UPDATED
MENU_KNOWLEDGE_15391,High Page Clothes,armour,cloth,cloth,UPDATED
MENU_KNOWLEDGE_15390,High Page Hood,armour,cloth,cloth,UPDATED
MENU_KNOWLEDGE_15381,Highwayman Cloth Armor,armour,plate,plate,UPDATED
MENU_KNOWLEDGE_15382,Highwayman Gauntlets,armour,plate,plate,UPDATED
MENU_KNOWLEDGE_15380,Highwayman Hood,armour,cloth,cloth,UPDATED
MENU_KNOWLEDGE_14001,Hoslow_s Armor (Altered),armour,plate,plate,UPDATED
MENU_KNOWLEDGE_13991,Hoslow_s Armor,armour,plate,plate,UPDATED
MENU_KNOWLEDGE_13992,Hoslow_s Gauntlets,armour,plate,plate,UPDATED
MENU_KNOWLEDGE_13993,Hoslow_s Greaves,armour,plate,plate,UPDATED
MENU_KNOWLEDGE_13990,Hoslow_s Helm,armour,plate,plate,UPDATED
MENU_KNOWLEDGE_14960,Iji_s Mirrorhelm,armour,plate,plate,UPDATED
MENU_KNOWLEDGE_14820,Imp Head (Cat),armour,other,other,UNCHANGED
MENU_KNOWLEDGE_14850,Imp Head (Corpse),armour,other,other,UNCHANGED
MENU_KNOWLEDGE_14870,Imp Head (Elder),armour,other,other,UNCHANGED
MENU_KNOWLEDGE_14830,Imp Head (Fanged),armour,other,other,UNCHANGED
MENU_KNOWLEDGE_14840,Imp Head (Long-Tongued),armour,other,other,UNCHANGED
MENU_KNOWLEDGE_14860,Imp Head (Wolf),armour,other,other,UNCHANGED
MENU_KNOWLEDGE_15290,Incantation Scarab,armour,other,other,UNCHANGED
MENU_KNOWLEDGE_13002,Iron Gauntlets,armour,plate,plate,UPDATED
MENU_KNOWLEDGE_13000,Iron Helmet,armour,plate,plate,UPDATED
MENU_KNOWLEDGE_13140,Iron Kasa,armour,plate,plate,UPDATED
MENU_KNOWLEDGE_15261,Ivory-Draped Tabard,armour,plate,plate,UPDATED
MENU_KNOWLEDGE_14930,Jar,armour,plate,plate,UPDATED
MENU_KNOWLEDGE_14770,Juvenile Scholar Cap,armour,other,other,UNCHANGED
MENU_KNOWLEDGE_14771,Juvenile Scholar Robe,armour,cloth,cloth,UPDATED
MENU_KNOWLEDGE_13011,Kaiden Armor,armour,plate,plate,UPDATED
MENU_KNOWLEDGE_13012,Kaiden Gauntlets,armour,plate,plate,UPDATED
MENU_KNOWLEDGE_13010,Kaiden Helm,armour,plate,plate,UPDATED
MENU_KNOWLEDGE_13013,Kaiden Trousers,armour,other,other,UNCHANGED
MENU_KNOWLEDGE_14340,Karolos Glintstone Crown,armour,other,other,UNCHANGED
MENU_KNOWLEDGE_14991,Knight Armor,armour,plate,plate,UPDATED
MENU_KNOWLEDGE_14992,Knight Gauntlets,armour,plate,plate,UPDATED
MENU_KNOWLEDGE_14993,Knight Greaves,armour,plate,plate,UPDATED
MENU_KNOWLEDGE_14990,Knight Helm,armour,plate,plate,UPDATED
MENU_KNOWLEDGE_14401,Land of Reeds Armor (Altered),armour,plate,plate,UPDATED
MENU_KNOWLEDGE_14391,Land of Reeds Armor,armour,plate,plate,UPDATED
MENU_KNOWLEDGE_14392,Land of Reeds Gauntlets,armour,plate,plate,UPDATED
MENU_KNOWLEDGE_14393,Land of Reeds Greaves,armour,plate,plate,UPDATED
MENU_KNOWLEDGE_14390,Land of Reeds Helm,armour,plate,plate,UPDATED
MENU_KNOWLEDGE_14330,Lazuli Glintstone Crown,armour,cloth,cloth,UPDATED
MENU_KNOWLEDGE_15451,Lazuli Robe,armour,cloth,cloth,UPDATED
MENU_KNOWLEDGE_14971,Leather Armor,armour,plate,plate,UPDATED
MENU_KNOWLEDGE_14976,Leather Armor,armour,plate,plate,UPDATED
MENU_KNOWLEDGE_14973,Leather Boots,armour,plate,plate,UPDATED
MENU_KNOWLEDGE_14972,Leather Gloves,armour,plate,plate,UPDATED
MENU_KNOWLEDGE_13003,Leather Trousers,armour,leather,leather,UPDATED
MENU_KNOWLEDGE_15231,Leather-Draped Tabard,armour,plate,plate,UPDATED
MENU_KNOWLEDGE_15141,Leyndell Knight Armor (Altered),armour,plate,plate,UPDATED
MENU_KNOWLEDGE_15131,Leyndell Knight Armor,armour,plate,plate,UPDATED
MENU_KNOWLEDGE_15132,Leyndell Knight Gauntlets,armour,plate,plate,UPDATED
MENU_KNOWLEDGE_15133,Leyndell Knight Greaves,armour,plate,plate,UPDATED
MENU_KNOWLEDGE_15130,Leyndell Knight Helm,armour,plate,plate,UPDATED
MENU_KNOWLEDGE_15032,Leyndell Soldier Gauntlets,armour,plate,plate,UPDATED
MENU_KNOWLEDGE_15033,Leyndell Soldier Greaves,armour,plate,plate,UPDATED
MENU_KNOWLEDGE_15030,Leyndell Soldier Helm,armour,plate,plate,UPDATED
MENU_KNOWLEDGE_13981,Lionel_s Armor (Altered),armour,plate,plate,UPDATED
MENU_KNOWLEDGE_13971,Lionel_s Armor,armour,plate,plate,UPDATED
MENU_KNOWLEDGE_13972,Lionel_s Gauntlets,armour,plate,plate,UPDATED
MENU_KNOWLEDGE_13973,Lionel_s Greaves,armour,plate,plate,UPDATED
MENU_KNOWLEDGE_13970,Lionel_s Helm,armour,plate,plate,UPDATED
MENU_KNOWLEDGE_14711,Lord of Blood_s Robe (Altered),armour,cloth,cloth,UPDATED
MENU_KNOWLEDGE_13681,Lord of Blood_s Robe,armour,cloth,cloth,UPDATED
MENU_KNOWLEDGE_13840,Lusat_s Glintstone Crown,armour,cloth,cloth,UPDATED
MENU_KNOWLEDGE_13842,Lusat_s Manchettes,armour,other,other,UNCHANGED
MENU_KNOWLEDGE_13841,Lusat_s Robe,armour,cloth,cloth,UPDATED
MENU_KNOWLEDGE_14181,Malenia_s Armor (Altered),armour,plate,plate,UPDATED
MENU_KNOWLEDGE_14171,Malenia_s Armor,armour,plate,plate,UPDATED
MENU_KNOWLEDGE_14172,Malenia_s Gauntlet,armour,other,other,UNCHANGED
MENU_KNOWLEDGE_14173,Malenia_s Greaves,armour,plate,plate,UPDATED
MENU_KNOWLEDGE_14170,Malenia_s Winged Helm,armour,plate,plate,UPDATED
MENU_KNOWLEDGE_13341,Malformed Dragon Armor,armour,plate,plate,UPDATED
MENU_KNOWLEDGE_13342,Malformed Dragon Gauntlets,armour,plate,plate,UPDATED
MENU_KNOWLEDGE_13343,Malformed Dragon Greaves,armour,plate,plate,UPDATED
MENU_KNOWLEDGE_13340,Malformed Dragon Helm,armour,plate,plate,UPDATED
MENU_KNOWLEDGE_14161,Maliketh_s Armor (Altered),armour,plate,plate,UPDATED
MENU_KNOWLEDGE_14151,Maliketh_s Armor,armour,plate,plate,UPDATED
MENU_KNOWLEDGE_14152,Maliketh_s Gauntlets,armour,plate,plate,UPDATED
MENU_KNOWLEDGE_14153,Maliketh_s Greaves,armour,plate,plate,UPDATED
MENU_KNOWLEDGE_14150,Maliketh_s Helm,armour,plate,plate,UPDATED
MENU_KNOWLEDGE_14600,Marais Mask,armour,other,other,UNCHANGED
MENU_KNOWLEDGE_14601,Marais Robe,armour,cloth,cloth,UPDATED
MENU_KNOWLEDGE_14351,Marionette Soldier Armor,armour,plate,plate,UPDATED
MENU_KNOWLEDGE_14360,Marionette Soldier Birdhelm,armour,plate,plate,UPDATED
MENU_KNOWLEDGE_14350,Marionette Soldier Helm,armour,plate,plate,UPDATED
MENU_KNOWLEDGE_14510,Mask of Confidence,armour,cloth,cloth,UPDATED
MENU_KNOWLEDGE_15052,Mausoleum Gauntlets,armour,plate,plate,UPDATED
MENU_KNOWLEDGE_15053,Mausoleum Greaves,armour,plate,plate,UPDATED
MENU_KNOWLEDGE_15181,Mausoleum Knight Armor (Altered),armour,plate,plate,UPDATED
MENU_KNOWLEDGE_15171,Mausoleum Knight Armor,armour,plate,plate,UPDATED
MENU_KNOWLEDGE_15172,Mausoleum Knight Gauntlets,armour,plate,plate,UPDATED
MENU_KNOWLEDGE_15173,Mausoleum Knight Greaves,armour,plate,plate,UPDATED
MENU_KNOWLEDGE_15051,Mausoleum Surcoat,armour,plate,plate,UPDATED
MENU_KNOWLEDGE_14942,Mushroom Arms,armour,cloth,cloth,UPDATED
MENU_KNOWLEDGE_14941,Mushroom Body,armour,cloth,cloth,UPDATED
MENU_KNOWLEDGE_15430,Mushroom Crown,armour,other,other,UNCHANGED
MENU_KNOWLEDGE_14940,Mushroom Head,armour,cloth,cloth,UPDATED
MENU_KNOWLEDGE_14943,Mushroom Legs,armour,cloth,cloth,UPDATED
MENU_KNOWLEDGE_14140,Navy Hood,armour,cloth,cloth,UPDATED
MENU_KNOWLEDGE_15461,Night Maiden Armor,armour,plate,plate,UPDATED
MENU_KNOWLEDGE_15460,Night Maiden Twin Crown,armour,cloth,cloth,UPDATED
MENU_KNOWLEDGE_13291,Night_s Cavalry Armor (Altered),armour,plate,plate,UPDATED
MENU_KNOWLEDGE_13281,Night_s Cavalry Armor,armour,plate,plate,UPDATED
MENU_KNOWLEDGE_13282,Night_s Cavalry Gauntlets,armour,plate,plate,UPDATED
MENU_KNOWLEDGE_13283,Night_s Cavalry Greaves,armour,plate,plate,UPDATED
MENU_KNOWLEDGE_13290,Night_s Cavalry Helm (Altered),armour,plate,plate,UPDATED
MENU_KNOWLEDGE_13280,Night_s Cavalry Helm,armour,plate,plate,UPDATED
MENU_KNOWLEDGE_14132,Noble_s Gloves,armour,leather,leather,UPDATED
MENU_KNOWLEDGE_14131,Noble_s Traveling Garb,armour,cloth,cloth,UPDATED
MENU_KNOWLEDGE_14133,Noble_s Trousers,armour,other,other,UNCHANGED
MENU_KNOWLEDGE_13320,Nomadic Merchant_s Chapeau,armour,other,other,UNCHANGED
MENU_KNOWLEDGE_13331,Nomadic Merchant_s Finery (Altered),armour,other,other,UNCHANGED
MENU_KNOWLEDGE_13321,Nomadic Merchant_s Finery,armour,other,other,UNCHANGED
MENU_KNOWLEDGE_13323,Nomadic Merchant_s Trousers,armour,other,other,UNCHANGED
MENU_KNOWLEDGE_14950,Nox Mirrorhelm,armour,plate,plate,UPDATED
MENU_KNOWLEDGE_13401,Nox Monk Armor (Altered),armour,plate,plate,UPDATED
MENU_KNOWLEDGE_13391,Nox Monk Armor,armour,plate,plate,UPDATED
MENU_KNOWLEDGE_13392,Nox Monk Bracelets,armour,other,other,UNCHANGED
MENU_KNOWLEDGE_13393,Nox Monk Greaves,armour,plate,plate,UPDATED
MENU_KNOWLEDGE_13400,Nox Monk Hood (Altered),armour,cloth,cloth,UPDATED
MENU_KNOWLEDGE_13390,Nox Monk Hood,armour,cloth,cloth,UPDATED
MENU_KNOWLEDGE_15471,Nox Swordstress Armor (Altered),armour,plate,plate,UPDATED
MENU_KNOWLEDGE_13411,Nox Swordstress Armor,armour,plate,plate,UPDATED
MENU_KNOWLEDGE_15470,Nox Swordstress Crown (Altered),armour,cloth,cloth,UPDATED
MENU_KNOWLEDGE_13410,Nox Swordstress Crown,armour,cloth,cloth,UPDATED
MENU_KNOWLEDGE_14920,Octopus Head,armour,other,other,UNCHANGED
MENU_KNOWLEDGE_14603,Official_s Attire,armour,cloth,cloth,UPDATED
MENU_KNOWLEDGE_14410,Okina Mask,armour,cloth,cloth,UPDATED
MENU_KNOWLEDGE_13570,Old Aristocrat Cowl,armour,cloth,cloth,UPDATED
MENU_KNOWLEDGE_13571,Old Aristocrat Gown,armour,cloth,cloth,UPDATED
MENU_KNOWLEDGE_13573,Old Aristocrat Shoes,armour,cloth,cloth,UPDATED
MENU_KNOWLEDGE_13843,Old Sorcerer_s Legwraps,armour,cloth,cloth,UPDATED
MENU_KNOWLEDGE_14320,Olivinus Glintstone Crown,armour,other,other,UNCHANGED
MENU_KNOWLEDGE_14631,Omen Armor,armour,plate,plate,UPDATED
MENU_KNOWLEDGE_14632,Omen Gauntlets,armour,plate,plate,UPDATED
MENU_KNOWLEDGE_14633,Omen Greaves,armour,plate,plate,UPDATED
MENU_KNOWLEDGE_14630,Omen Helm,armour,plate,plate,UPDATED
MENU_KNOWLEDGE_15273,Omenkiller Boots,armour,leather,leather,UPDATED
MENU_KNOWLEDGE_15272,Omenkiller Long Gloves,armour,leather,leather,UPDATED
MENU_KNOWLEDGE_15271,Omenkiller Robe,armour,cloth,cloth,UPDATED
MENU_KNOWLEDGE_15270,Omensmirk Mask,armour,cloth,cloth,UPDATED
MENU_KNOWLEDGE_13271,Page Garb (Altered),armour,other,other,UNCHANGED
MENU_KNOWLEDGE_13261,Page Garb,armour,other,other,UNCHANGED
MENU_KNOWLEDGE_13260,Page Hood,armour,cloth,cloth,UPDATED
MENU_KNOWLEDGE_13263,Page Trousers,armour,other,other,UNCHANGED
MENU_KNOWLEDGE_13062,Perfumer Gloves,armour,cloth,cloth,UPDATED
MENU_KNOWLEDGE_13060,Perfumer Hood,armour,cloth,cloth,UPDATED
MENU_KNOWLEDGE_13065,Perfumer Robe (Altered),armour,cloth,cloth,UPDATED
MENU_KNOWLEDGE_13061,Perfumer Robe,armour,cloth,cloth,UPDATED
MENU_KNOWLEDGE_13063,Perfumer Sarong,armour,cloth,cloth,UPDATED
MENU_KNOWLEDGE_13081,Perfumer_s Traveling Garb (Altered),armour,other,other,UNCHANGED
MENU_KNOWLEDGE_13071,Perfumer_s Traveling Garb,armour,leather,leather,UPDATED
MENU_KNOWLEDGE_14500,Preceptor_s Big Hat,armour,cloth,cloth,UPDATED
MENU_KNOWLEDGE_14502,Preceptor_s Gloves,armour,leather,leather,UPDATED
MENU_KNOWLEDGE_14511,Preceptor_s Long Gown (Altered),armour,cloth,cloth,UPDATED
MENU_KNOWLEDGE_14501,Preceptor_s Long Gown,armour,cloth,cloth,UPDATED
MENU_KNOWLEDGE_14503,Preceptor_s Trousers,armour,other,other,UNCHANGED
MENU_KNOWLEDGE_14441,Prisoner Clothing,armour,cloth,cloth,UPDATED
MENU_KNOWLEDGE_14440,Prisoner Iron Mask,armour,plate,plate,UPDATED
MENU_KNOWLEDGE_14443,Prisoner Trousers,armour,other,other,UNCHANGED
MENU_KNOWLEDGE_13920,Prophet Blindfold,armour,other,other,UNCHANGED
MENU_KNOWLEDGE_13931,Prophet Robe (Altered),armour,cloth,cloth,UPDATED
MENU_KNOWLEDGE_13941,Prophet Robe,armour,cloth,cloth,UPDATED
MENU_KNOWLEDGE_13923,Prophet Trousers,armour,cloth,cloth,UPDATED
MENU_KNOWLEDGE_13620,Pumpkin Helm,armour,plate,plate,UPDATED
MENU_KNOWLEDGE_13712,Queen_s Bracelets,armour,cloth,cloth,UPDATED
MENU_KNOWLEDGE_13710,Queen_s Crescent Crown,armour,cloth,cloth,UPDATED
MENU_KNOWLEDGE_13713,Queen_s Leggings,armour,cloth,cloth,UPDATED
MENU_KNOWLEDGE_13711,Queen_s Robe,armour,cloth,cloth,UPDATED
MENU_KNOWLEDGE_15042,Radahn Soldier Gauntlets,armour,plate,plate,UPDATED
MENU_KNOWLEDGE_15043,Radahn Soldier Greaves,armour,plate,plate,UPDATED
MENU_KNOWLEDGE_15040,Radahn Soldier Helm,armour,plate,plate,UPDATED
MENU_KNOWLEDGE_13672,Radahn_s Gauntlets,armour,plate,plate,UPDATED
MENU_KNOWLEDGE_13673,Radahn_s Greaves,armour,plate,plate,UPDATED
MENU_KNOWLEDGE_14701,Radahn_s Lion Armor (Altered),armour,plate,plate,UPDATED
MENU_KNOWLEDGE_13671,Radahn_s Lion Armor,armour,plate,plate,UPDATED
MENU_KNOWLEDGE_13670,Radahn_s Redmane Helm,armour,plate,plate,UPDATED
MENU_KNOWLEDGE_14780,Radiant Gold Mask,armour,cloth,cloth,UPDATED
MENU_KNOWLEDGE_14381,Raging Wolf Armor (Altered),armour,plate,plate,UPDATED
MENU_KNOWLEDGE_14371,Raging Wolf Armor,armour,plate,plate,UPDATED
MENU_KNOWLEDGE_14372,Raging Wolf Gauntlets,armour,plate,plate,UPDATED
MENU_KNOWLEDGE_14373,Raging Wolf Greaves,armour,plate,plate,UPDATED
MENU_KNOWLEDGE_14370,Raging Wolf Helm,armour,plate,plate,UPDATED
MENU_KNOWLEDGE_14531,Raptor_s Black Feathers,armour,cloth,cloth,UPDATED
MENU_KNOWLEDGE_15022,Raya Lucarian Gauntlets,armour,plate,plate,UPDATED
MENU_KNOWLEDGE_15023,Raya Lucarian Greaves,armour,plate,plate,UPDATED
MENU_KNOWLEDGE_15020,Raya Lucarian Helm,armour,plate,plate,UPDATED
MENU_KNOWLEDGE_14311,Raya Lucarian Robe,armour,cloth,cloth,UPDATED
MENU_KNOWLEDGE_15161,Redmane Knight Armor (Altered),armour,plate,plate,UPDATED
MENU_KNOWLEDGE_15151,Redmane Knight Armor,armour,plate,plate,UPDATED
MENU_KNOWLEDGE_15152,Redmane Knight Gauntlets,armour,plate,plate,UPDATED
MENU_KNOWLEDGE_15153,Redmane Knight Greaves,armour,plate,plate,UPDATED
MENU_KNOWLEDGE_15150,Redmane Knight Helm,armour,plate,plate,UPDATED
MENU_KNOWLEDGE_15041,Redmane Surcoat,armour,plate,plate,UPDATED
MENU_KNOWLEDGE_13151,Ronin_s Armor (Altered),armour,plate,plate,UPDATED
MENU_KNOWLEDGE_13141,Ronin_s Armor,armour,plate,plate,UPDATED
MENU_KNOWLEDGE_13142,Ronin_s Gauntlets,armour,plate,plate,UPDATED
MENU_KNOWLEDGE_13143,Ronin_s Greaves,armour,plate,plate,UPDATED
MENU_KNOWLEDGE_15413,Rotten Duelist Greaves,armour,plate,plate,UPDATED
MENU_KNOWLEDGE_15410,Rotten Duelist Helm,armour,plate,plate,UPDATED
MENU_KNOWLEDGE_15421,Rotten Gravekeeper Cloak (Altered),armour,other,other,UNCHANGED
MENU_KNOWLEDGE_15411,Rotten Gravekeeper Cloak,armour,other,other,UNCHANGED
MENU_KNOWLEDGE_13381,Royal Knight Armor (Altered),armour,plate,plate,UPDATED
MENU_KNOWLEDGE_13371,Royal Knight Armor,armour,plate,plate,UPDATED
MENU_KNOWLEDGE_13372,Royal Knight Gauntlets,armour,plate,plate,UPDATED
MENU_KNOWLEDGE_13373,Royal Knight Greaves,armour,plate,plate,UPDATED
MENU_KNOWLEDGE_13370,Royal Knight Helm,armour,plate,plate,UPDATED
MENU_KNOWLEDGE_14061,Royal Remains Armor,armour,plate,plate,UPDATED
MENU_KNOWLEDGE_14062,Royal Remains Gauntlets,armour,plate,plate,UPDATED
MENU_KNOWLEDGE_14063,Royal Remains Greaves,armour,plate,plate,UPDATED
MENU_KNOWLEDGE_14060,Royal Remains Helm,armour,plate,plate,UPDATED
MENU_KNOWLEDGE_14610,Ruler_s Mask,armour,other,other,UNCHANGED
MENU_KNOWLEDGE_14611,Ruler_s Robe,armour,cloth,cloth,UPDATED
MENU_KNOWLEDGE_15260,Sacred Crown Helm,armour,plate,plate,UPDATED
MENU_KNOWLEDGE_13610,Sage Hood,armour,cloth,cloth,UPDATED
MENU_KNOWLEDGE_13611,Sage Robe,armour,cloth,cloth,UPDATED
MENU_KNOWLEDGE_13613,Sage Trousers,armour,cloth,cloth,UPDATED
MENU_KNOWLEDGE_13450,Sanguine Noble Hood,armour,cloth,cloth,UPDATED
MENU_KNOWLEDGE_13451,Sanguine Noble Robe,armour,cloth,cloth,UPDATED
MENU_KNOWLEDGE_13453,Sanguine Noble Waistcloth,armour,cloth,cloth,UPDATED
MENU_KNOWLEDGE_13001,Scale Armor,armour,plate,plate,UPDATED
MENU_KNOWLEDGE_13051,Scaled Armor (Altered),armour,plate,plate,UPDATED
MENU_KNOWLEDGE_13041,Scaled Armor,armour,plate,plate,UPDATED
MENU_KNOWLEDGE_13042,Scaled Gauntlets,armour,plate,plate,UPDATED
MENU_KNOWLEDGE_13043,Scaled Greaves,armour,plate,plate,UPDATED
MENU_KNOWLEDGE_13040,Scaled Helm,armour,plate,plate,UPDATED
MENU_KNOWLEDGE_15241,Scarlet Tabard,armour,plate,plate,UPDATED
MENU_KNOWLEDGE_13426,Shaman Furs,armour,leather,leather,UPDATED
MENU_KNOWLEDGE_13428,Shaman Leggings,armour,leather,leather,UPDATED
MENU_KNOWLEDGE_13425,Shining Horned Headband,armour,cloth,cloth,UPDATED
MENU_KNOWLEDGE_14880,Silver Tear Mask,armour,other,other,UNCHANGED
MENU_KNOWLEDGE_14530,Skeletal Mask,armour,cloth,cloth,UPDATED
MENU_KNOWLEDGE_14740,Snow Witch Hat,armour,cloth,cloth,UPDATED
MENU_KNOWLEDGE_14751,Snow Witch Robe (Altered),armour,cloth,cloth,UPDATED
MENU_KNOWLEDGE_14741,Snow Witch Robe,armour,cloth,cloth,UPDATED
MENU_KNOWLEDGE_14743,Snow Witch Skirt,armour,cloth,cloth,UPDATED
MENU_KNOWLEDGE_14313,Sorcerer Leggings,armour,cloth,cloth,UPDATED
MENU_KNOWLEDGE_14312,Sorcerer Manchettes,armour,cloth,cloth,UPDATED
MENU_KNOWLEDGE_13112,Spellblade_s Gloves,armour,cloth,cloth,UPDATED
MENU_KNOWLEDGE_13110,Spellblade_s Pointed Hat,armour,cloth,cloth,UPDATED
MENU_KNOWLEDGE_13121,Spellblade_s Traveling Attire (Altered),armour,other,other,UNCHANGED
MENU_KNOWLEDGE_13111,Spellblade_s Traveling Attire,armour,cloth,cloth,UPDATED
MENU_KNOWLEDGE_13113,Spellblade_s Trousers,armour,cloth,cloth,UPDATED
MENU_KNOWLEDGE_14763,Traveler_s Boots,armour,leather,leather,UPDATED
MENU_KNOWLEDGE_14761,Traveler_s Clothes,armour,cloth,cloth,UPDATED
MENU_KNOWLEDGE_13072,Traveler_s Gloves,armour,leather,leather,UPDATED
MENU_KNOWLEDGE_13070,Traveler_s Hat,armour,cloth,cloth,UPDATED
MENU_KNOWLEDGE_14762,Traveler_s Manchettes,armour,leather,leather,UPDATED
MENU_KNOWLEDGE_13073,Traveler_s Slops,armour,other,other,UNCHANGED
MENU_KNOWLEDGE_14463,Traveling Maiden Boots,armour,leather,leather,UPDATED
MENU_KNOWLEDGE_14462,Traveling Maiden Gloves,armour,leather,leather,UPDATED
MENU_KNOWLEDGE_14460,Traveling Maiden Hood,armour,cloth,cloth,UPDATED
MENU_KNOWLEDGE_14471,Traveling Maiden Robe (Altered),armour,cloth,cloth,UPDATED
MENU_KNOWLEDGE_14461,Traveling Maiden Robe,armour,cloth,cloth,UPDATED
MENU_KNOWLEDGE_13361,Tree Sentinel Armor (Altered),armour,plate,plate,UPDATED
MENU_KNOWLEDGE_13351,Tree Sentinel Armor,armour,plate,plate,UPDATED
MENU_KNOWLEDGE_13352,Tree Sentinel Gauntlets,armour,plate,plate,UPDATED
MENU_KNOWLEDGE_13353,Tree Sentinel Greaves,armour,plate,plate,UPDATED
MENU_KNOWLEDGE_13350,Tree Sentinel Helm,armour,plate,plate,UPDATED
MENU_KNOWLEDGE_14911,Tree Surcoat,armour,plate,plate,UPDATED
MENU_KNOWLEDGE_13891,Twinned Armor (Altered),armour,plate,plate,UPDATED
MENU_KNOWLEDGE_13881,Twinned Armor,armour,plate,plate,UPDATED
MENU_KNOWLEDGE_13882,Twinned Gauntlets,armour,plate,plate,UPDATED
MENU_KNOWLEDGE_13883,Twinned Greaves,armour,plate,plate,UPDATED
MENU_KNOWLEDGE_13880,Twinned Helm,armour,plate,plate,UPDATED
MENU_KNOWLEDGE_14310,Twinsage Glintstone Crown,armour,other,other,UNCHANGED
MENU_KNOWLEDGE_14621,Upper-Class Robe,armour,cloth,cloth,UPDATED
MENU_KNOWLEDGE_14021,Vagabond Knight Armor (Altered),armour,plate,plate,UPDATED
MENU_KNOWLEDGE_14011,Vagabond Knight Armor,armour,plate,plate,UPDATED
MENU_KNOWLEDGE_14012,Vagabond Knight Gauntlets,armour,plate,plate,UPDATED
MENU_KNOWLEDGE_14013,Vagabond Knight Greaves,armour,plate,plate,UPDATED
MENU_KNOWLEDGE_14010,Vagabond Knight Helm,armour,plate,plate,UPDATED
MENU_KNOWLEDGE_14201,Veteran_s Armor (Altered),armour,plate,plate,UPDATED
MENU_KNOWLEDGE_14191,Veteran_s Armor,armour,plate,plate,UPDATED
MENU_KNOWLEDGE_14192,Veteran_s Gauntlets,armour,plate,plate,UPDATED
MENU_KNOWLEDGE_14193,Veteran_s Greaves,armour,plate,plate,UPDATED
MENU_KNOWLEDGE_14190,Veteran_s Helm,armour,plate,plate,UPDATED
MENU_KNOWLEDGE_13601,Vulgar Militia Armor,armour,plate,plate,UPDATED
MENU_KNOWLEDGE_13602,Vulgar Militia Gauntlets,armour,plate,plate,UPDATED
MENU_KNOWLEDGE_13603,Vulgar Militia Greaves,armour,plate,plate,UPDATED
MENU_KNOWLEDGE_13600,Vulgar Militia Helm,armour,plate,plate,UPDATED
MENU_KNOWLEDGE_14042,War Surgeon Gloves,armour,cloth,cloth,UPDATED
MENU_KNOWLEDGE_14051,War Surgeon Gown (Altered),armour,cloth,cloth,UPDATED
MENU_KNOWLEDGE_14041,War Surgeon Gown,armour,cloth,cloth,UPDATED
MENU_KNOWLEDGE_14043,War Surgeon Trousers,armour,cloth,cloth,UPDATED
MENU_KNOWLEDGE_14032,Warrior Gauntlets,armour,plate,plate,UPDATED
MENU_KNOWLEDGE_14033,Warrior Greaves,armour,plate,plate,UPDATED
MENU_KNOWLEDGE_14040,White Mask,armour,other,other,UNCHANGED
MENU_KNOWLEDGE_14411,White Reed Armor,armour,plate,plate,UPDATED
MENU_KNOWLEDGE_14412,White Reed Gauntlets,armour,plate,plate,UPDATED
MENU_KNOWLEDGE_14413,White Reed Greaves,armour,plate,plate,UPDATED
MENU_KNOWLEDGE_14720,Witch_s Glintstone Crown,armour,other,other,UNCHANGED
MENU_KNOWLEDGE_14811,Zamor Armor,armour,plate,plate,UPDATED
MENU_KNOWLEDGE_14812,Zamor Bracelets,armour,plate,plate,UPDATED
MENU_KNOWLEDGE_14813,Zamor Legwraps,armour,plate,plate,UPDATED
MENU_KNOWLEDGE_14810,Zamor Mask,armour,plate,plate,UPDATED
